คุณภาพน้ำทะเล,ชายฝั่งทะเล,ปี,จำนวน
ปริมาณออกซิเจนละลายน้ำมก./ล.,    อ่าวชลบุรี,2541,4.0 - 5.0
ปริมาณออกซิเจนละลายน้ำมก./ล.,    อ่าวชลบุรี,2542,4.8 - 6.8
ปริมาณออกซิเจนละลายน้ำมก./ล.,    อ่าวชลบุรี,2543,5.6 - 7.9
ปริมาณออกซิเจนละลายน้ำมก./ล.,    อ่าวชลบุรี,2544,4.6 - 6.2
ปริมาณออกซิเจนละลายน้ำมก./ล.,    อ่าวชลบุรี,2545,         5.4 - 8.0
ปริมาณออกซิเจนละลายน้ำมก./ล.,    อ่าวชลบุรี,2546,5.5-6.9
ปริมาณออกซิเจนละลายน้ำมก./ล.,    อ่าวชลบุรี,2547,6.9-9.3
ปริมาณออกซิเจนละลายน้ำมก./ล.,    อ่าวชลบุรี,2548,5.2 - 6.0
ปริมาณออกซิเจนละลายน้ำมก./ล.,    อ่าวชลบุรี,2549,5.2 - 8.1
ปริมาณออกซิเจนละลายน้ำมก./ล.,    อ่าวชลบุรี,2550,5.6 - 6.6
ปริมาณออกซิเจนละลายน้ำมก./ล.,    อ่าวชลบุรี,2551,4.92 - 6.3
ปริมาณออกซิเจนละลายน้ำมก./ล.,    อ่าวชลบุรี,2552,1.31 - 7.51
ปริมาณออกซิเจนละลายน้ำมก./ล.,    อ่าวชลบุรี,2553,1.27-5.36
ปริมาณออกซิเจนละลายน้ำมก./ล.,    อ่าวชลบุรี,2554,0.12 - 7.70
ปริมาณออกซิเจนละลายน้ำมก./ล.,    อ่าวชลบุรี,2555,4.40-5.87
ปริมาณออกซิเจนละลายน้ำมก./ล.,    อ่าวชลบุรี,2556,2.58 - 4.97
ปริมาณออกซิเจนละลายน้ำมก./ล.,    อ่าวชลบุรี,2557,3.99 - 5.56
ปริมาณออกซิเจนละลายน้ำมก./ล.,    อ่าวชลบุรี,2558,4.62 - 5.23
ปริมาณออกซิเจนละลายน้ำมก./ล.,    หาดบางแสน,2541,4.7 - 6.8
ปริมาณออกซิเจนละลายน้ำมก./ล.,    หาดบางแสน,2542,7.1 - 8.6
ปริมาณออกซิเจนละลายน้ำมก./ล.,    หาดบางแสน,2543,6.3 - 6.7
ปริมาณออกซิเจนละลายน้ำมก./ล.,    หาดบางแสน,2544,3.5 - 7.4
ปริมาณออกซิเจนละลายน้ำมก./ล.,    หาดบางแสน,2545,         5.2 - 6.2
ปริมาณออกซิเจนละลายน้ำมก./ล.,    หาดบางแสน,2546,6.4-7.4
ปริมาณออกซิเจนละลายน้ำมก./ล.,    หาดบางแสน,2547,3.9-7.8
ปริมาณออกซิเจนละลายน้ำมก./ล.,    หาดบางแสน,2548,4.6 - 5.7
ปริมาณออกซิเจนละลายน้ำมก./ล.,    หาดบางแสน,2549,6.4 - 7.8
ปริมาณออกซิเจนละลายน้ำมก./ล.,    หาดบางแสน,2550,6.6 - 7.8
ปริมาณออกซิเจนละลายน้ำมก./ล.,    หาดบางแสน,2551,6.3 - 7.02
ปริมาณออกซิเจนละลายน้ำมก./ล.,    หาดบางแสน,2552,6.38 - 6.97
ปริมาณออกซิเจนละลายน้ำมก./ล.,    หาดบางแสน,2553,4.73-8.03
ปริมาณออกซิเจนละลายน้ำมก./ล.,    หาดบางแสน,2554,4.47 - 6.49
ปริมาณออกซิเจนละลายน้ำมก./ล.,    หาดบางแสน,2555,6.09-6.41
ปริมาณออกซิเจนละลายน้ำมก./ล.,    หาดบางแสน,2556,3.45-7.02
ปริมาณออกซิเจนละลายน้ำมก./ล.,    หาดบางแสน,2557,5.90 - 6.50
ปริมาณออกซิเจนละลายน้ำมก./ล.,    หาดบางแสน,2558,5.25 - 7.56
ปริมาณออกซิเจนละลายน้ำมก./ล.,    ศรีราชา,2541,4.0 - 6.6
ปริมาณออกซิเจนละลายน้ำมก./ล.,    ศรีราชา,2542,6.5 - 7.9
ปริมาณออกซิเจนละลายน้ำมก./ล.,    ศรีราชา,2543,6.6 - 8.0
ปริมาณออกซิเจนละลายน้ำมก./ล.,    ศรีราชา,2544,3.4 - 6.4
ปริมาณออกซิเจนละลายน้ำมก./ล.,    ศรีราชา,2545,5.8
ปริมาณออกซิเจนละลายน้ำมก./ล.,    ศรีราชา,2546,5.3-5.6
ปริมาณออกซิเจนละลายน้ำมก./ล.,    ศรีราชา,2547,3.3-6.9
ปริมาณออกซิเจนละลายน้ำมก./ล.,    ศรีราชา,2548,8.0 - 8.5
ปริมาณออกซิเจนละลายน้ำมก./ล.,    ศรีราชา,2549,7.2 - 8.5
ปริมาณออกซิเจนละลายน้ำมก./ล.,    ศรีราชา,2550,5.1 - 6.9
ปริมาณออกซิเจนละลายน้ำมก./ล.,    ศรีราชา,2551,5.49 - 5.8
ปริมาณออกซิเจนละลายน้ำมก./ล.,    ศรีราชา,2552,4.03 - 6.055
ปริมาณออกซิเจนละลายน้ำมก./ล.,    ศรีราชา,2553,4.60-5.44
ปริมาณออกซิเจนละลายน้ำมก./ล.,    ศรีราชา,2554,3.74 - 7.85
ปริมาณออกซิเจนละลายน้ำมก./ล.,    ศรีราชา,2555,4.92-6.57
ปริมาณออกซิเจนละลายน้ำมก./ล.,    ศรีราชา,2556,2.68-5.49
ปริมาณออกซิเจนละลายน้ำมก./ล.,    ศรีราชา,2557,3.75 - 7.30
ปริมาณออกซิเจนละลายน้ำมก./ล.,    ศรีราชา,2558,2.64 - 5.96
ปริมาณออกซิเจนละลายน้ำมก./ล.,    อ่าวอุดมและแหลมฉบัง,2541,4.9 - 6.7
ปริมาณออกซิเจนละลายน้ำมก./ล.,    อ่าวอุดมและแหลมฉบัง,2542,6.5 - 7.6
ปริมาณออกซิเจนละลายน้ำมก./ล.,    อ่าวอุดมและแหลมฉบัง,2543,6.5 - 7.6
ปริมาณออกซิเจนละลายน้ำมก./ล.,    อ่าวอุดมและแหลมฉบัง,2544,2.1 - 6.6
ปริมาณออกซิเจนละลายน้ำมก./ล.,    อ่าวอุดมและแหลมฉบัง,2545,         6.4 - 7.0
ปริมาณออกซิเจนละลายน้ำมก./ล.,    อ่าวอุดมและแหลมฉบัง,2546,3.7-6.6
ปริมาณออกซิเจนละลายน้ำมก./ล.,    อ่าวอุดมและแหลมฉบัง,2547,4.6-9.1
ปริมาณออกซิเจนละลายน้ำมก./ล.,    อ่าวอุดมและแหลมฉบัง,2548,7.4 - 8.6
ปริมาณออกซิเจนละลายน้ำมก./ล.,    อ่าวอุดมและแหลมฉบัง,2549,6.0 - 7.5
ปริมาณออกซิเจนละลายน้ำมก./ล.,    อ่าวอุดมและแหลมฉบัง,2550,5.9 - 7.7
ปริมาณออกซิเจนละลายน้ำมก./ล.,    อ่าวอุดมและแหลมฉบัง,2551,5.15 - 7.0
ปริมาณออกซิเจนละลายน้ำมก./ล.,    อ่าวอุดมและแหลมฉบัง,2552,4.20 - 7.13
ปริมาณออกซิเจนละลายน้ำมก./ล.,    อ่าวอุดมและแหลมฉบัง,2553,3.27-8.11
ปริมาณออกซิเจนละลายน้ำมก./ล.,    อ่าวอุดมและแหลมฉบัง,2554,4.86 - 7.22
ปริมาณออกซิเจนละลายน้ำมก./ล.,    อ่าวอุดมและแหลมฉบัง,2555,4.54-6.31
ปริมาณออกซิเจนละลายน้ำมก./ล.,    อ่าวอุดมและแหลมฉบัง,2556,3.33-5.99
ปริมาณออกซิเจนละลายน้ำมก./ล.,    อ่าวอุดมและแหลมฉบัง,2557,4.70 - 6.54
ปริมาณออกซิเจนละลายน้ำมก./ล.,    อ่าวอุดมและแหลมฉบัง,2558,3.09 - 5.80
ปริมาณออกซิเจนละลายน้ำมก./ล.,    หาดพัทยา,2541,5.2 - 6.7
ปริมาณออกซิเจนละลายน้ำมก./ล.,    หาดพัทยา,2542,6.7 - 7.4
ปริมาณออกซิเจนละลายน้ำมก./ล.,    หาดพัทยา,2543,6.1 - 7.0
ปริมาณออกซิเจนละลายน้ำมก./ล.,    หาดพัทยา,2544,4.0 - 6.0
ปริมาณออกซิเจนละลายน้ำมก./ล.,    หาดพัทยา,2545,         6.3 - 6.5
ปริมาณออกซิเจนละลายน้ำมก./ล.,    หาดพัทยา,2546,5.3-7.9
ปริมาณออกซิเจนละลายน้ำมก./ล.,    หาดพัทยา,2547,5.4-6.9
ปริมาณออกซิเจนละลายน้ำมก./ล.,    หาดพัทยา,2548,8.0 - 8.7
ปริมาณออกซิเจนละลายน้ำมก./ล.,    หาดพัทยา,2549,5.7 - 7.5
ปริมาณออกซิเจนละลายน้ำมก./ล.,    หาดพัทยา,2550,5.8 - 7.6
ปริมาณออกซิเจนละลายน้ำมก./ล.,    หาดพัทยา,2551,5.3 - 6.81
ปริมาณออกซิเจนละลายน้ำมก./ล.,    หาดพัทยา,2552,5.64 - 6.59
ปริมาณออกซิเจนละลายน้ำมก./ล.,    หาดพัทยา,2553,3.70-5.74
ปริมาณออกซิเจนละลายน้ำมก./ล.,    หาดพัทยา,2554,3.97 - 5.53
ปริมาณออกซิเจนละลายน้ำมก./ล.,    หาดพัทยา,2555,5.19-6.42
ปริมาณออกซิเจนละลายน้ำมก./ล.,    หาดพัทยา,2556,3.68-4.61
ปริมาณออกซิเจนละลายน้ำมก./ล.,    หาดพัทยา,2557,5.81 - 6.59
ปริมาณออกซิเจนละลายน้ำมก./ล.,    หาดพัทยา,2558,4.26 - 5.41
ปริมาณออกซิเจนละลายน้ำมก./ล.,    หาดจอมเทียน,2541,5.3 - 6.6
ปริมาณออกซิเจนละลายน้ำมก./ล.,    หาดจอมเทียน,2542,6.4 - 6.8
ปริมาณออกซิเจนละลายน้ำมก./ล.,    หาดจอมเทียน,2543,6.0 - 6.7
ปริมาณออกซิเจนละลายน้ำมก./ล.,    หาดจอมเทียน,2544,3.6 - 4.8
ปริมาณออกซิเจนละลายน้ำมก./ล.,    หาดจอมเทียน,2545,         6.6 - 7.1
ปริมาณออกซิเจนละลายน้ำมก./ล.,    หาดจอมเทียน,2546,6.1
ปริมาณออกซิเจนละลายน้ำมก./ล.,    หาดจอมเทียน,2547,6.2-8.3
ปริมาณออกซิเจนละลายน้ำมก./ล.,    หาดจอมเทียน,2548,8.3 - 8.5
ปริมาณออกซิเจนละลายน้ำมก./ล.,    หาดจอมเทียน,2549,6.2 - 6.9
ปริมาณออกซิเจนละลายน้ำมก./ล.,    หาดจอมเทียน,2550,6.3 - 8.0
ปริมาณออกซิเจนละลายน้ำมก./ล.,    หาดจอมเทียน,2551,6.2 - 6.85
ปริมาณออกซิเจนละลายน้ำมก./ล.,    หาดจอมเทียน,2552,5.55 - 7.21
ปริมาณออกซิเจนละลายน้ำมก./ล.,    หาดจอมเทียน,2553,3.73-6.43
ปริมาณออกซิเจนละลายน้ำมก./ล.,    หาดจอมเทียน,2554,5.05 - 5.60
ปริมาณออกซิเจนละลายน้ำมก./ล.,    หาดจอมเทียน,2555,4.48-5.77
ปริมาณออกซิเจนละลายน้ำมก./ล.,    หาดจอมเทียน,2556,-
ปริมาณออกซิเจนละลายน้ำมก./ล.,    หาดจอมเทียน,2557,5.31 - 6.55
ปริมาณออกซิเจนละลายน้ำมก./ล.,    หาดจอมเทียน,2558,4.72 - 4.79
ปริมาณออกซิเจนละลายน้ำมก./ล.,    มาบตาพุด,2541,5.5 - 8.7
ปริมาณออกซิเจนละลายน้ำมก./ล.,    มาบตาพุด,2542,6.4 - 7.6
ปริมาณออกซิเจนละลายน้ำมก./ล.,    มาบตาพุด,2543,5.2 - 7.5
ปริมาณออกซิเจนละลายน้ำมก./ล.,    มาบตาพุด,2544,3.2 - 8.3
ปริมาณออกซิเจนละลายน้ำมก./ล.,    มาบตาพุด,2545,7.2
ปริมาณออกซิเจนละลายน้ำมก./ล.,    มาบตาพุด,2546,6
ปริมาณออกซิเจนละลายน้ำมก./ล.,    มาบตาพุด,2547,6.5-7.7
ปริมาณออกซิเจนละลายน้ำมก./ล.,    มาบตาพุด,2548,8.4 - 8.7
ปริมาณออกซิเจนละลายน้ำมก./ล.,    มาบตาพุด,2549,6.8 - 8.5
ปริมาณออกซิเจนละลายน้ำมก./ล.,    มาบตาพุด,2550,6.7 - 6.8
ปริมาณออกซิเจนละลายน้ำมก./ล.,    มาบตาพุด,2551,5.54 - 6.69
ปริมาณออกซิเจนละลายน้ำมก./ล.,    มาบตาพุด,2552,5.15 - 7.02
ปริมาณออกซิเจนละลายน้ำมก./ล.,    มาบตาพุด,2553,4.75-6.85
ปริมาณออกซิเจนละลายน้ำมก./ล.,    มาบตาพุด,2554,4.58 - 8.10
ปริมาณออกซิเจนละลายน้ำมก./ล.,    มาบตาพุด,2555,-
ปริมาณออกซิเจนละลายน้ำมก./ล.,    มาบตาพุด,2556,-
ปริมาณออกซิเจนละลายน้ำมก./ล.,    มาบตาพุด,2557,2.38 - 8.45
ปริมาณออกซิเจนละลายน้ำมก./ล.,    มาบตาพุด,2558,5.45 - 6.12
ปริมาณออกซิเจนละลายน้ำมก./ล.,    หาดแม่รำพึง -  แหลมแม่พิมพ์,2541,3.5 - 5.7
ปริมาณออกซิเจนละลายน้ำมก./ล.,    หาดแม่รำพึง -  แหลมแม่พิมพ์,2542,5.4 - 13.1
ปริมาณออกซิเจนละลายน้ำมก./ล.,    หาดแม่รำพึง -  แหลมแม่พิมพ์,2543,4.1 - 8.1
ปริมาณออกซิเจนละลายน้ำมก./ล.,    หาดแม่รำพึง -  แหลมแม่พิมพ์,2544,2.7 - 6.7
ปริมาณออกซิเจนละลายน้ำมก./ล.,    หาดแม่รำพึง -  แหลมแม่พิมพ์,2545,         6.4 - 6.8
ปริมาณออกซิเจนละลายน้ำมก./ล.,    หาดแม่รำพึง -  แหลมแม่พิมพ์,2546,6.1
ปริมาณออกซิเจนละลายน้ำมก./ล.,    หาดแม่รำพึง -  แหลมแม่พิมพ์,2547,6.0-7.1
ปริมาณออกซิเจนละลายน้ำมก./ล.,    หาดแม่รำพึง -  แหลมแม่พิมพ์,2548,6.3 - 8.6
ปริมาณออกซิเจนละลายน้ำมก./ล.,    หาดแม่รำพึง -  แหลมแม่พิมพ์,2549,6.3 - 7.6
ปริมาณออกซิเจนละลายน้ำมก./ล.,    หาดแม่รำพึง -  แหลมแม่พิมพ์,2550,6.2 - 7.9
ปริมาณออกซิเจนละลายน้ำมก./ล.,    หาดแม่รำพึง -  แหลมแม่พิมพ์,2551,6.0 - 6.79
ปริมาณออกซิเจนละลายน้ำมก./ล.,    หาดแม่รำพึง -  แหลมแม่พิมพ์,2552,5.83 - 6.64
ปริมาณออกซิเจนละลายน้ำมก./ล.,    หาดแม่รำพึง -  แหลมแม่พิมพ์,2553,3.70-6.70
ปริมาณออกซิเจนละลายน้ำมก./ล.,    หาดแม่รำพึง -  แหลมแม่พิมพ์,2554,4.97 - 7.51
ปริมาณออกซิเจนละลายน้ำมก./ล.,    หาดแม่รำพึง -  แหลมแม่พิมพ์,2555,4.56-6.83
ปริมาณออกซิเจนละลายน้ำมก./ล.,    หาดแม่รำพึง -  แหลมแม่พิมพ์,2556,4.46
ปริมาณออกซิเจนละลายน้ำมก./ล.,    หาดแม่รำพึง -  แหลมแม่พิมพ์,2557,6.16 - 7.00
ปริมาณออกซิเจนละลายน้ำมก./ล.,    หาดแม่รำพึง -  แหลมแม่พิมพ์,2558,5.53 - 6.26
ปริมาณออกซิเจนละลายน้ำมก./ล.,    จันทบุรี - ตราด,2541,3.1 - 6.4
ปริมาณออกซิเจนละลายน้ำมก./ล.,    จันทบุรี - ตราด,2542,5.5 - 8.4
ปริมาณออกซิเจนละลายน้ำมก./ล.,    จันทบุรี - ตราด,2543,5.5 - 9.9
ปริมาณออกซิเจนละลายน้ำมก./ล.,    จันทบุรี - ตราด,2544,2.4 - 7.7
ปริมาณออกซิเจนละลายน้ำมก./ล.,    จันทบุรี - ตราด,2545,         5.4 - 6.8
ปริมาณออกซิเจนละลายน้ำมก./ล.,    จันทบุรี - ตราด,2546,3.5-7.2
ปริมาณออกซิเจนละลายน้ำมก./ล.,    จันทบุรี - ตราด,2547,5.0-8.5
ปริมาณออกซิเจนละลายน้ำมก./ล.,    จันทบุรี - ตราด,2548,4.4 - 9.1
ปริมาณออกซิเจนละลายน้ำมก./ล.,    จันทบุรี - ตราด,2549,4.8 - 7.7
ปริมาณออกซิเจนละลายน้ำมก./ล.,    จันทบุรี - ตราด,2550,5.8 - 7.5
ปริมาณออกซิเจนละลายน้ำมก./ล.,    จันทบุรี - ตราด,2551,5.72 - 6.92
ปริมาณออกซิเจนละลายน้ำมก./ล.,    จันทบุรี - ตราด,2552,4.01 - 7.26
ปริมาณออกซิเจนละลายน้ำมก./ล.,    จันทบุรี - ตราด,2553,3.7 - 8.00
ปริมาณออกซิเจนละลายน้ำมก./ล.,    จันทบุรี - ตราด,2554,3.50 - 7.10
ปริมาณออกซิเจนละลายน้ำมก./ล.,    จันทบุรี - ตราด,2555,4.30-8.40
ปริมาณออกซิเจนละลายน้ำมก./ล.,    จันทบุรี - ตราด,2556,3.86 - 6.85
ปริมาณออกซิเจนละลายน้ำมก./ล.,    จันทบุรี - ตราด,2557,5.52 - 8.8
ปริมาณออกซิเจนละลายน้ำมก./ล.,    จันทบุรี - ตราด,2558,4.43 - 6.20
ปริมาณออกซิเจนละลายน้ำมก./ล.,    ปากน้ำระยอง,2556,4.24-5.73
ปริมาณออกซิเจนละลายน้ำมก./ล.,    ปากน้ำระยอง,2557,6.93 - 7.12
ปริมาณออกซิเจนละลายน้ำมก./ล.,    ปากน้ำระยอง,2558,5.53 - 5.68
ปริมาณออกซิเจนละลายน้ำมก./ล.,    ปากแม่น้ำประแสร์,2556,3.95-5.90
ปริมาณออกซิเจนละลายน้ำมก./ล.,    ปากแม่น้ำประแสร์,2557,5.95 - 6.37
ปริมาณออกซิเจนละลายน้ำมก./ล.,    ปากแม่น้ำประแสร์,2558,5.00 - 5.28
ปริมาณออกซิเจนละลายน้ำมก./ล.,    ท่าเรือประมง (ตลาดบ้านเพ),2556,5.15-6.38
ปริมาณออกซิเจนละลายน้ำมก./ล.,    ท่าเรือประมง (ตลาดบ้านเพ),2557,6.16 - 6.68
ปริมาณออกซิเจนละลายน้ำมก./ล.,    ท่าเรือประมง (ตลาดบ้านเพ),2558,5.35 - 5.58
ปริมาณออกซิเจนละลายน้ำมก./ล.,    แหลมแม่พิมพ์,2557,6.15 - 6.23
ปริมาณออกซิเจนละลายน้ำมก./ล.,    แหลมแม่พิมพ์,2558,6.18 - 6.5
ปริมาณออกซิเจนละลายน้ำมก./ล.,    เพชรบุรี,2541,2.0 - 6.8
ปริมาณออกซิเจนละลายน้ำมก./ล.,    เพชรบุรี,2542,2.2 - 7.1
ปริมาณออกซิเจนละลายน้ำมก./ล.,    เพชรบุรี,2543,6.1 - 7.8
ปริมาณออกซิเจนละลายน้ำมก./ล.,    เพชรบุรี,2544,2.4 - 7.6
ปริมาณออกซิเจนละลายน้ำมก./ล.,    เพชรบุรี,2545,         3.4 - 7.6
ปริมาณออกซิเจนละลายน้ำมก./ล.,    เพชรบุรี,2546,3.5-7.7
ปริมาณออกซิเจนละลายน้ำมก./ล.,    เพชรบุรี,2547,5.0-8.3
ปริมาณออกซิเจนละลายน้ำมก./ล.,    เพชรบุรี,2548,4.9 - 7.0
ปริมาณออกซิเจนละลายน้ำมก./ล.,    เพชรบุรี,2549,4.0 - 8.7
ปริมาณออกซิเจนละลายน้ำมก./ล.,    เพชรบุรี,2550,3.3 - 7.6
ปริมาณออกซิเจนละลายน้ำมก./ล.,    เพชรบุรี,2551,5.44 - 7.66
ปริมาณออกซิเจนละลายน้ำมก./ล.,    เพชรบุรี,2552,4.12 - 7.01
ปริมาณออกซิเจนละลายน้ำมก./ล.,    เพชรบุรี,2553,1.5-6.67
ปริมาณออกซิเจนละลายน้ำมก./ล.,    เพชรบุรี,2554,2.30 - 6.68
ปริมาณออกซิเจนละลายน้ำมก./ล.,    เพชรบุรี,2555,3.77-7.48
ปริมาณออกซิเจนละลายน้ำมก./ล.,    เพชรบุรี,2556,2.14-3.27
ปริมาณออกซิเจนละลายน้ำมก./ล.,    เพชรบุรี,2557,3.21 - 6.01
ปริมาณออกซิเจนละลายน้ำมก./ล.,    เพชรบุรี,2558,1.15 - 5.91
ปริมาณออกซิเจนละลายน้ำมก./ล.,    หาดชะอำ,2541,4.3 - 7.1
ปริมาณออกซิเจนละลายน้ำมก./ล.,    หาดชะอำ,2542,5.2 - 7.4
ปริมาณออกซิเจนละลายน้ำมก./ล.,    หาดชะอำ,2543,6.0 - 7.7
ปริมาณออกซิเจนละลายน้ำมก./ล.,    หาดชะอำ,2544,3.4 - 6.5
ปริมาณออกซิเจนละลายน้ำมก./ล.,    หาดชะอำ,2545,         6.0 - 6.8
ปริมาณออกซิเจนละลายน้ำมก./ล.,    หาดชะอำ,2546,6.1-6.4
ปริมาณออกซิเจนละลายน้ำมก./ล.,    หาดชะอำ,2547,6.1-6.7
ปริมาณออกซิเจนละลายน้ำมก./ล.,    หาดชะอำ,2548,5.8 - 6.8
ปริมาณออกซิเจนละลายน้ำมก./ล.,    หาดชะอำ,2549,6.3 - 6.9
ปริมาณออกซิเจนละลายน้ำมก./ล.,    หาดชะอำ,2550,6.2 - 7.6
ปริมาณออกซิเจนละลายน้ำมก./ล.,    หาดชะอำ,2551,6.80 - 7.67
ปริมาณออกซิเจนละลายน้ำมก./ล.,    หาดชะอำ,2552,6.18 - 6.57
ปริมาณออกซิเจนละลายน้ำมก./ล.,    หาดชะอำ,2553,3.34-6.30
ปริมาณออกซิเจนละลายน้ำมก./ล.,    หาดชะอำ,2554,4.42 - 5.72
ปริมาณออกซิเจนละลายน้ำมก./ล.,    หาดชะอำ,2555,5.07-5.56
ปริมาณออกซิเจนละลายน้ำมก./ล.,    หาดชะอำ,2556,0.13-4.76
ปริมาณออกซิเจนละลายน้ำมก./ล.,    หาดชะอำ,2557,5.76 - 6.35
ปริมาณออกซิเจนละลายน้ำมก./ล.,    หาดชะอำ,2558,5.45 - 5.91
ปริมาณออกซิเจนละลายน้ำมก./ล.,    หาดหัวหิน,2541,5.8 - 7.3
ปริมาณออกซิเจนละลายน้ำมก./ล.,    หาดหัวหิน,2542,6.3 - 7.6
ปริมาณออกซิเจนละลายน้ำมก./ล.,    หาดหัวหิน,2543,5.8 - 8.3
ปริมาณออกซิเจนละลายน้ำมก./ล.,    หาดหัวหิน,2544,3.5 - 8.1
ปริมาณออกซิเจนละลายน้ำมก./ล.,    หาดหัวหิน,2545,         6.1 - 6.4
ปริมาณออกซิเจนละลายน้ำมก./ล.,    หาดหัวหิน,2546,6.3-7.1
ปริมาณออกซิเจนละลายน้ำมก./ล.,    หาดหัวหิน,2547,6.0-7.8
ปริมาณออกซิเจนละลายน้ำมก./ล.,    หาดหัวหิน,2548,6.2 - 7.3
ปริมาณออกซิเจนละลายน้ำมก./ล.,    หาดหัวหิน,2549,5.3 - 7.4
ปริมาณออกซิเจนละลายน้ำมก./ล.,    หาดหัวหิน,2550,5.4 - 6.7
ปริมาณออกซิเจนละลายน้ำมก./ล.,    หาดหัวหิน,2551,6.55 - 8.50
ปริมาณออกซิเจนละลายน้ำมก./ล.,    หาดหัวหิน,2552,5.5 - 8.13
ปริมาณออกซิเจนละลายน้ำมก./ล.,    หาดหัวหิน,2553,2.23-7.00
ปริมาณออกซิเจนละลายน้ำมก./ล.,    หาดหัวหิน,2554,3.45 - 6.34
ปริมาณออกซิเจนละลายน้ำมก./ล.,    หาดหัวหิน,2555,5.15-6.68
ปริมาณออกซิเจนละลายน้ำมก./ล.,    หาดหัวหิน,2556,2.55-6.02
ปริมาณออกซิเจนละลายน้ำมก./ล.,    หาดหัวหิน,2557,4.63 - 6.70
ปริมาณออกซิเจนละลายน้ำมก./ล.,    หาดหัวหิน,2558,3.77 - 5.88
ปริมาณออกซิเจนละลายน้ำมก./ล.,    สุราษฎร์ธานี,2541,4.6 - 6.8
ปริมาณออกซิเจนละลายน้ำมก./ล.,    สุราษฎร์ธานี,2542,4.6 - 8.4
ปริมาณออกซิเจนละลายน้ำมก./ล.,    สุราษฎร์ธานี,2543,3.4 - 8.0
ปริมาณออกซิเจนละลายน้ำมก./ล.,    สุราษฎร์ธานี,2544,0.4 - 7.2
ปริมาณออกซิเจนละลายน้ำมก./ล.,    สุราษฎร์ธานี,2545,         5.8 - 7.4
ปริมาณออกซิเจนละลายน้ำมก./ล.,    สุราษฎร์ธานี,2546,5.5-7.6
ปริมาณออกซิเจนละลายน้ำมก./ล.,    สุราษฎร์ธานี,2547,4.7-7.6
ปริมาณออกซิเจนละลายน้ำมก./ล.,    สุราษฎร์ธานี,2548,7.5 - 8.8
ปริมาณออกซิเจนละลายน้ำมก./ล.,    สุราษฎร์ธานี,2549,5.5 - 8.5
ปริมาณออกซิเจนละลายน้ำมก./ล.,    สุราษฎร์ธานี,2551,5.22 - 7.89
ปริมาณออกซิเจนละลายน้ำมก./ล.,    สุราษฎร์ธานี,2552,5.22 - 7.5
ปริมาณออกซิเจนละลายน้ำมก./ล.,    สุราษฎร์ธานี,2553,4.18-9.20
ปริมาณออกซิเจนละลายน้ำมก./ล.,    สุราษฎร์ธานี,2554,5.0 - 8.0
ปริมาณออกซิเจนละลายน้ำมก./ล.,    สุราษฎร์ธานี,2555,3.80-7.50
ปริมาณออกซิเจนละลายน้ำมก./ล.,    สุราษฎร์ธานี,2556,4.18-6.41
ปริมาณออกซิเจนละลายน้ำมก./ล.,    สุราษฎร์ธานี,2557,4.93 - 8.74
ปริมาณออกซิเจนละลายน้ำมก./ล.,    สุราษฎร์ธานี,2558,3.05 - 7.84
ปริมาณออกซิเจนละลายน้ำมก./ล.,    เกาะสมุย,2541,5.1 - 6.6
ปริมาณออกซิเจนละลายน้ำมก./ล.,    เกาะสมุย,2542,4.9 - 6.8
ปริมาณออกซิเจนละลายน้ำมก./ล.,    เกาะสมุย,2543,4.2 - 7.2
ปริมาณออกซิเจนละลายน้ำมก./ล.,    เกาะสมุย,2544,5.3 - 7.2
ปริมาณออกซิเจนละลายน้ำมก./ล.,    เกาะสมุย,2545,         6.1 - 7.7
ปริมาณออกซิเจนละลายน้ำมก./ล.,    เกาะสมุย,2546,5.6-8.4
ปริมาณออกซิเจนละลายน้ำมก./ล.,    เกาะสมุย,2547,5.9-7.8
ปริมาณออกซิเจนละลายน้ำมก./ล.,    เกาะสมุย,2548,8.1 - 8.7
ปริมาณออกซิเจนละลายน้ำมก./ล.,    เกาะสมุย,2549,5.5 - 7.3
ปริมาณออกซิเจนละลายน้ำมก./ล.,    เกาะสมุย,2551,5.50 - 7.59
ปริมาณออกซิเจนละลายน้ำมก./ล.,    เกาะสมุย,2552,5.73 - 6.98
ปริมาณออกซิเจนละลายน้ำมก./ล.,    เกาะสมุย,2553,4.20-9.20
ปริมาณออกซิเจนละลายน้ำมก./ล.,    เกาะสมุย,2554,2.88 - 9.20
ปริมาณออกซิเจนละลายน้ำมก./ล.,    เกาะสมุย,2555,4.55-8.10
ปริมาณออกซิเจนละลายน้ำมก./ล.,    เกาะสมุย,2556,4.45-5.62
ปริมาณออกซิเจนละลายน้ำมก./ล.,    เกาะสมุย,2557,4.95 - 7.0
ปริมาณออกซิเจนละลายน้ำมก./ล.,    เกาะสมุย,2558,4.42 - 5.89
ปริมาณออกซิเจนละลายน้ำมก./ล.,    นครศรีธรรมราช,2541,4.1 - 6.8
ปริมาณออกซิเจนละลายน้ำมก./ล.,    นครศรีธรรมราช,2542,3.2 - 7.8
ปริมาณออกซิเจนละลายน้ำมก./ล.,    นครศรีธรรมราช,2543,4.3 - 9.0
ปริมาณออกซิเจนละลายน้ำมก./ล.,    นครศรีธรรมราช,2544,3.5 - 7.6
ปริมาณออกซิเจนละลายน้ำมก./ล.,    นครศรีธรรมราช,2545,         6.0 - 7.3
ปริมาณออกซิเจนละลายน้ำมก./ล.,    นครศรีธรรมราช,2546,5.6-7.4
ปริมาณออกซิเจนละลายน้ำมก./ล.,    นครศรีธรรมราช,2547,4.4-8.7
ปริมาณออกซิเจนละลายน้ำมก./ล.,    นครศรีธรรมราช,2548,7.9 - 8.6
ปริมาณออกซิเจนละลายน้ำมก./ล.,    นครศรีธรรมราช,2549,4.9 - 7.2
ปริมาณออกซิเจนละลายน้ำมก./ล.,    นครศรีธรรมราช,2550,5.1 - 8.0
ปริมาณออกซิเจนละลายน้ำมก./ล.,    นครศรีธรรมราช,2551,5.14 - 7.92
ปริมาณออกซิเจนละลายน้ำมก./ล.,    นครศรีธรรมราช,2552,4.73 - 7.62
ปริมาณออกซิเจนละลายน้ำมก./ล.,    นครศรีธรรมราช,2553,2.70-7.80
ปริมาณออกซิเจนละลายน้ำมก./ล.,    นครศรีธรรมราช,2554,3.60 - 6.50
ปริมาณออกซิเจนละลายน้ำมก./ล.,    นครศรีธรรมราช,2555,4.50-6.50
ปริมาณออกซิเจนละลายน้ำมก./ล.,    นครศรีธรรมราช,2556,4.16-6.86
ปริมาณออกซิเจนละลายน้ำมก./ล.,    นครศรีธรรมราช,2557,4.81 - 6.81
ปริมาณออกซิเจนละลายน้ำมก./ล.,    นครศรีธรรมราช,2558,4.7 - 6.32
ปริมาณออกซิเจนละลายน้ำมก./ล.,    สงขลา (หาดสมิหลา หาดสทิงพระ),2541,4.2 - 6.6
ปริมาณออกซิเจนละลายน้ำมก./ล.,    สงขลา (หาดสมิหลา หาดสทิงพระ),2542,6.0 - 6.9
ปริมาณออกซิเจนละลายน้ำมก./ล.,    สงขลา (หาดสมิหลา หาดสทิงพระ),2543,6.3 - 7.1
ปริมาณออกซิเจนละลายน้ำมก./ล.,    สงขลา (หาดสมิหลา หาดสทิงพระ),2544,5.0 - 7.7
ปริมาณออกซิเจนละลายน้ำมก./ล.,    สงขลา (หาดสมิหลา หาดสทิงพระ),2545,         6.1 - 6.4
ปริมาณออกซิเจนละลายน้ำมก./ล.,    สงขลา (หาดสมิหลา หาดสทิงพระ),2546,5.6-6.9
ปริมาณออกซิเจนละลายน้ำมก./ล.,    สงขลา (หาดสมิหลา หาดสทิงพระ),2547,6.0-7.2
ปริมาณออกซิเจนละลายน้ำมก./ล.,    สงขลา (หาดสมิหลา หาดสทิงพระ),2548,8.1 - 8.9
ปริมาณออกซิเจนละลายน้ำมก./ล.,    สงขลา (หาดสมิหลา หาดสทิงพระ),2549,6.3 - 10.8
ปริมาณออกซิเจนละลายน้ำมก./ล.,    สงขลา (หาดสมิหลา หาดสทิงพระ),2550,6.5 - 7.5
ปริมาณออกซิเจนละลายน้ำมก./ล.,    สงขลา (หาดสมิหลา หาดสทิงพระ),2551,6.14 - 7.94
ปริมาณออกซิเจนละลายน้ำมก./ล.,    สงขลา (หาดสมิหลา หาดสทิงพระ),2552,6.25 - 6.68
ปริมาณออกซิเจนละลายน้ำมก./ล.,    สงขลา (หาดสมิหลา หาดสทิงพระ),2553,5.71-7.10
ปริมาณออกซิเจนละลายน้ำมก./ล.,    สงขลา (หาดสมิหลา หาดสทิงพระ),2554,3.90 - 7.8
ปริมาณออกซิเจนละลายน้ำมก./ล.,    สงขลา (หาดสมิหลา หาดสทิงพระ),2555,4.99-6.85
ปริมาณออกซิเจนละลายน้ำมก./ล.,    สงขลา (หาดสมิหลา หาดสทิงพระ),2556,5.13-5.78
ปริมาณออกซิเจนละลายน้ำมก./ล.,    สงขลา (หาดสมิหลา หาดสทิงพระ),2557,5.89 - 6.67
ปริมาณออกซิเจนละลายน้ำมก./ล.,    สงขลา (หาดสมิหลา หาดสทิงพระ),2558,5.75 - 8.39
ปริมาณออกซิเจนละลายน้ำมก./ล.,    หาดป่าตอง,2541,5.0 - 7.2
ปริมาณออกซิเจนละลายน้ำมก./ล.,    หาดป่าตอง,2542,4.0 - 6.8
ปริมาณออกซิเจนละลายน้ำมก./ล.,    หาดป่าตอง,2543,5.9 - 6.7
ปริมาณออกซิเจนละลายน้ำมก./ล.,    หาดป่าตอง,2544,3.9 - 5.0
ปริมาณออกซิเจนละลายน้ำมก./ล.,    หาดป่าตอง,2545,         4.5 - 5.0
ปริมาณออกซิเจนละลายน้ำมก./ล.,    หาดป่าตอง,2546,6.4-11
ปริมาณออกซิเจนละลายน้ำมก./ล.,    หาดป่าตอง,2547,5.3-7.2
ปริมาณออกซิเจนละลายน้ำมก./ล.,    หาดป่าตอง,2548,4.8 - 7.4
ปริมาณออกซิเจนละลายน้ำมก./ล.,    หาดป่าตอง,2549,6.5 - 8.3
ปริมาณออกซิเจนละลายน้ำมก./ล.,    หาดป่าตอง,2550,6.6 - 8.7
ปริมาณออกซิเจนละลายน้ำมก./ล.,    หาดป่าตอง,2551,6.18 - 7.03
ปริมาณออกซิเจนละลายน้ำมก./ล.,    หาดป่าตอง,2552,6.13 - 6.7
ปริมาณออกซิเจนละลายน้ำมก./ล.,    หาดป่าตอง,2553,6.17-7.37
ปริมาณออกซิเจนละลายน้ำมก./ล.,    หาดป่าตอง,2554,6.0 - 6.7
ปริมาณออกซิเจนละลายน้ำมก./ล.,    หาดป่าตอง,2555,5.25-5.90
ปริมาณออกซิเจนละลายน้ำมก./ล.,    หาดป่าตอง,2556,5.63-6.53
ปริมาณออกซิเจนละลายน้ำมก./ล.,    หาดป่าตอง,2557,5.51 - 7.89
ปริมาณออกซิเจนละลายน้ำมก./ล.,    หาดป่าตอง,2558,5.6 - 8.42
ปริมาณออกซิเจนละลายน้ำมก./ล.,    หาดกะรน  กะตะ  หาดไนยาง,2541,5.4 - 7.6
ปริมาณออกซิเจนละลายน้ำมก./ล.,    หาดกะรน  กะตะ  หาดไนยาง,2542,5.5 - 7.2
ปริมาณออกซิเจนละลายน้ำมก./ล.,    หาดกะรน  กะตะ  หาดไนยาง,2543,5.9 - 6.5
ปริมาณออกซิเจนละลายน้ำมก./ล.,    หาดกะรน  กะตะ  หาดไนยาง,2544,3.9 - 7.7
ปริมาณออกซิเจนละลายน้ำมก./ล.,    หาดกะรน  กะตะ  หาดไนยาง,2545,         5.3 - 8.0
ปริมาณออกซิเจนละลายน้ำมก./ล.,    หาดกะรน  กะตะ  หาดไนยาง,2546,6.4-6.6
ปริมาณออกซิเจนละลายน้ำมก./ล.,    หาดกะรน  กะตะ  หาดไนยาง,2547,4.0-6.8
ปริมาณออกซิเจนละลายน้ำมก./ล.,    หาดกะรน  กะตะ  หาดไนยาง,2548,4.7 - 7.0
ปริมาณออกซิเจนละลายน้ำมก./ล.,    หาดกะรน  กะตะ  หาดไนยาง,2549,6.6 - 7.5
ปริมาณออกซิเจนละลายน้ำมก./ล.,    หาดกะรน  กะตะ  หาดไนยาง,2550,6.4 - 12.1
ปริมาณออกซิเจนละลายน้ำมก./ล.,    หาดกะรน  กะตะ  หาดไนยาง,2551,6.36 - 7.54
ปริมาณออกซิเจนละลายน้ำมก./ล.,    หาดกะรน  กะตะ  หาดไนยาง,2552,6.21 - 6.92
ปริมาณออกซิเจนละลายน้ำมก./ล.,    หาดกะรน  กะตะ  หาดไนยาง,2553,6.09-6.96
ปริมาณออกซิเจนละลายน้ำมก./ล.,    หาดกะรน  กะตะ  หาดไนยาง,2554,6.3 - 7.2
ปริมาณออกซิเจนละลายน้ำมก./ล.,    หาดกะรน  กะตะ  หาดไนยาง,2555,5.35-6.06
ปริมาณออกซิเจนละลายน้ำมก./ล.,    หาดกะรน  กะตะ  หาดไนยาง,2556,5.09-7.33
ปริมาณออกซิเจนละลายน้ำมก./ล.,    หาดกะรน  กะตะ  หาดไนยาง,2557,4.05 - 6.55
ปริมาณออกซิเจนละลายน้ำมก./ล.,    หาดกะรน  กะตะ  หาดไนยาง,2558,5.7 - 9.97
ปริมาณออกซิเจนละลายน้ำมก./ล.,    เกาะพีพี,2541,5.3 - 6.7
ปริมาณออกซิเจนละลายน้ำมก./ล.,    เกาะพีพี,2542,5.0 - 6.6
ปริมาณออกซิเจนละลายน้ำมก./ล.,    เกาะพีพี,2543,4.5 - 7.3
ปริมาณออกซิเจนละลายน้ำมก./ล.,    เกาะพีพี,2544,4.1 - 7.4
ปริมาณออกซิเจนละลายน้ำมก./ล.,    เกาะพีพี,2545,         5.1 - 6.9
ปริมาณออกซิเจนละลายน้ำมก./ล.,    เกาะพีพี,2546,4.6-6.3
ปริมาณออกซิเจนละลายน้ำมก./ล.,    เกาะพีพี,2547,4.4-8.2
ปริมาณออกซิเจนละลายน้ำมก./ล.,    เกาะพีพี,2548,5.0 - 6.4
ปริมาณออกซิเจนละลายน้ำมก./ล.,    เกาะพีพี,2549,6.1 - 8.2
ปริมาณออกซิเจนละลายน้ำมก./ล.,    เกาะพีพี,2550,3.0 - 7.6
ปริมาณออกซิเจนละลายน้ำมก./ล.,    เกาะพีพี,2551,5.87 - 7.70
ปริมาณออกซิเจนละลายน้ำมก./ล.,    เกาะพีพี,2552,5.37 - 7.38
ปริมาณออกซิเจนละลายน้ำมก./ล.,    เกาะพีพี,2553,5.76-7.5
ปริมาณออกซิเจนละลายน้ำมก./ล.,    เกาะพีพี,2554,5.8 - 7.2
ปริมาณออกซิเจนละลายน้ำมก./ล.,    เกาะพีพี,2555,5.06-6.05
ปริมาณออกซิเจนละลายน้ำมก./ล.,    เกาะพีพี,2556,5.36-6.45
ปริมาณออกซิเจนละลายน้ำมก./ล.,    เกาะพีพี,2557,6.00 - 6.11
ปริมาณออกซิเจนละลายน้ำมก./ล.,    เกาะพีพี,2558,5.1 - 6.35
ปริมาณออกซิเจนละลายน้ำมก./ล.,    ระนอง - พังงา,2541,5.7 - 7.6
ปริมาณออกซิเจนละลายน้ำมก./ล.,    ระนอง - พังงา,2542,6.3 - 6.9
ปริมาณออกซิเจนละลายน้ำมก./ล.,    ระนอง - พังงา,2543,6.0 - 6.9
ปริมาณออกซิเจนละลายน้ำมก./ล.,    ระนอง - พังงา,2544,2.1 - 7.3
ปริมาณออกซิเจนละลายน้ำมก./ล.,    ระนอง - พังงา,2545,         3.0 - 8.3
ปริมาณออกซิเจนละลายน้ำมก./ล.,    ระนอง - พังงา,2546,6.2-6.6
ปริมาณออกซิเจนละลายน้ำมก./ล.,    ระนอง - พังงา,2547,5.2-6.8
ปริมาณออกซิเจนละลายน้ำมก./ล.,    ระนอง - พังงา,2548,4.0 - 6.8
ปริมาณออกซิเจนละลายน้ำมก./ล.,    ระนอง - พังงา,2549,2.9 - 7.6
ปริมาณออกซิเจนละลายน้ำมก./ล.,    ระนอง - พังงา,2550,3.8 - 7.7
ปริมาณออกซิเจนละลายน้ำมก./ล.,    ระนอง - พังงา,2551,3.20 - 128.60
ปริมาณออกซิเจนละลายน้ำมก./ล.,    ระนอง - พังงา,2552,3.88 - 6.92
ปริมาณออกซิเจนละลายน้ำมก./ล.,    ระนอง - พังงา,2553,4.70-7.25
ปริมาณออกซิเจนละลายน้ำมก./ล.,    ระนอง - พังงา,2554,3.27 - 7.30
ปริมาณออกซิเจนละลายน้ำมก./ล.,    ระนอง - พังงา,2555,4.29-6.20
ปริมาณออกซิเจนละลายน้ำมก./ล.,    ระนอง - พังงา,2556,5.71-8.28
ปริมาณออกซิเจนละลายน้ำมก./ล.,    ระนอง - พังงา,2557,4.19 - 7.25
ปริมาณออกซิเจนละลายน้ำมก./ล.,    ระนอง - พังงา,2558,2.05 - 7.43
ปริมาณออกซิเจนละลายน้ำมก./ล.,    กระบี่ - สตูล,2541,4.9 - 8.0
ปริมาณออกซิเจนละลายน้ำมก./ล.,    กระบี่ - สตูล,2542,5.0 - 9.0
ปริมาณออกซิเจนละลายน้ำมก./ล.,    กระบี่ - สตูล,2543,5.0 - 7.0
ปริมาณออกซิเจนละลายน้ำมก./ล.,    กระบี่ - สตูล,2544,3.8 - 5.9
ปริมาณออกซิเจนละลายน้ำมก./ล.,    กระบี่ - สตูล,2545,         5.0 - 6.0
ปริมาณออกซิเจนละลายน้ำมก./ล.,    กระบี่ - สตูล,2546,5.4-7
ปริมาณออกซิเจนละลายน้ำมก./ล.,    กระบี่ - สตูล,2547,5.2-7.1
ปริมาณออกซิเจนละลายน้ำมก./ล.,    กระบี่ - สตูล,2548,4.8 - 6.8
ปริมาณออกซิเจนละลายน้ำมก./ล.,    กระบี่ - สตูล,2549,5.0 - 8.2
ปริมาณออกซิเจนละลายน้ำมก./ล.,    กระบี่ - สตูล,2550,3.0 - 7.8
ปริมาณออกซิเจนละลายน้ำมก./ล.,    กระบี่ - สตูล,2551,5.58 - 7.70
ปริมาณออกซิเจนละลายน้ำมก./ล.,    กระบี่ - สตูล,2552,5.1 - 7.69
ปริมาณออกซิเจนละลายน้ำมก./ล.,    กระบี่ - สตูล,2553,4.10-7.50
ปริมาณออกซิเจนละลายน้ำมก./ล.,    กระบี่ - สตูล,2554,4.2 - 7.7
ปริมาณออกซิเจนละลายน้ำมก./ล.,    กระบี่ - สตูล,2555,4.33-6.58
ปริมาณออกซิเจนละลายน้ำมก./ล.,    กระบี่ - สตูล,2556,4.20-6.34
ปริมาณออกซิเจนละลายน้ำมก./ล.,    กระบี่ - สตูล,2557,6.05 - 6.13
ปริมาณออกซิเจนละลายน้ำมก./ล.,    กระบี่ - สตูล,2558,4.84 - 7.4
แบคทีเรียกลุ่มโคลิฟอร์มเอ็มพีเอ็น/100 มล.,    อ่าวชลบุรี,2541,"        49 - 160,000"
แบคทีเรียกลุ่มโคลิฟอร์มเอ็มพีเอ็น/100 มล.,    อ่าวชลบุรี,2542,"        92 - 2,400"
แบคทีเรียกลุ่มโคลิฟอร์มเอ็มพีเอ็น/100 มล.,    อ่าวชลบุรี,2543,        < 2 - 40
แบคทีเรียกลุ่มโคลิฟอร์มเอ็มพีเอ็น/100 มล.,    อ่าวชลบุรี,2544,"        21 - >16,000"
แบคทีเรียกลุ่มโคลิฟอร์มเอ็มพีเอ็น/100 มล.,    อ่าวชลบุรี,2545,          <2 - 2
แบคทีเรียกลุ่มโคลิฟอร์มเอ็มพีเอ็น/100 มล.,    อ่าวชลบุรี,2546,340-700
แบคทีเรียกลุ่มโคลิฟอร์มเอ็มพีเอ็น/100 มล.,    อ่าวชลบุรี,2547,"15-22,000"
แบคทีเรียกลุ่มโคลิฟอร์มเอ็มพีเอ็น/100 มล.,    อ่าวชลบุรี,2548,"350 - 17,000"
แบคทีเรียกลุ่มโคลิฟอร์มเอ็มพีเอ็น/100 มล.,    อ่าวชลบุรี,2549,"4 - 2,400"
แบคทีเรียกลุ่มโคลิฟอร์มเอ็มพีเอ็น/100 มล.,    อ่าวชลบุรี,2550,"20 - 25,000"
แบคทีเรียกลุ่มโคลิฟอร์มเอ็มพีเอ็น/100 มล.,    อ่าวชลบุรี,2551,"4.5 - 49,000"
แบคทีเรียกลุ่มโคลิฟอร์มเอ็มพีเอ็น/100 มล.,    อ่าวชลบุรี,2552,"4.5 - 540,000"
แบคทีเรียกลุ่มโคลิฟอร์มเอ็มพีเอ็น/100 มล.,    อ่าวชลบุรี,2553,"20->160,000"
แบคทีเรียกลุ่มโคลิฟอร์มเอ็มพีเอ็น/100 มล.,    อ่าวชลบุรี,2554,"790 - 170,000"
แบคทีเรียกลุ่มโคลิฟอร์มเอ็มพีเอ็น/100 มล.,    อ่าวชลบุรี,2555,"330-3,300"
แบคทีเรียกลุ่มโคลิฟอร์มเอ็มพีเอ็น/100 มล.,    อ่าวชลบุรี,2556,"4,900 - 22,000"
แบคทีเรียกลุ่มโคลิฟอร์มเอ็มพีเอ็น/100 มล.,    อ่าวชลบุรี,2557,<1 - 33
แบคทีเรียกลุ่มโคลิฟอร์มเอ็มพีเอ็น/100 มล.,    อ่าวชลบุรี,2558,"130 - 2,400"
แบคทีเรียกลุ่มโคลิฟอร์มเอ็มพีเอ็น/100 มล.,    หาดบางแสน,2541,"        49 - 3,500"
แบคทีเรียกลุ่มโคลิฟอร์มเอ็มพีเอ็น/100 มล.,    หาดบางแสน,2542,          5 - 79
แบคทีเรียกลุ่มโคลิฟอร์มเอ็มพีเอ็น/100 มล.,    หาดบางแสน,2543,< 2
แบคทีเรียกลุ่มโคลิฟอร์มเอ็มพีเอ็น/100 มล.,    หาดบางแสน,2544,"  9 - 1,200"
แบคทีเรียกลุ่มโคลิฟอร์มเอ็มพีเอ็น/100 มล.,    หาดบางแสน,2545,<2
แบคทีเรียกลุ่มโคลิฟอร์มเอ็มพีเอ็น/100 มล.,    หาดบางแสน,2546,<2
แบคทีเรียกลุ่มโคลิฟอร์มเอ็มพีเอ็น/100 มล.,    หาดบางแสน,2547,"<2-18,000"
แบคทีเรียกลุ่มโคลิฟอร์มเอ็มพีเอ็น/100 มล.,    หาดบางแสน,2548,240 - 540
แบคทีเรียกลุ่มโคลิฟอร์มเอ็มพีเอ็น/100 มล.,    หาดบางแสน,2549,"< 2 - 1,600"
แบคทีเรียกลุ่มโคลิฟอร์มเอ็มพีเอ็น/100 มล.,    หาดบางแสน,2550,80 - 500
แบคทีเรียกลุ่มโคลิฟอร์มเอ็มพีเอ็น/100 มล.,    หาดบางแสน,2551,4.5 - 110
แบคทีเรียกลุ่มโคลิฟอร์มเอ็มพีเอ็น/100 มล.,    หาดบางแสน,2552,"94.0 - 7,900"
แบคทีเรียกลุ่มโคลิฟอร์มเอ็มพีเอ็น/100 มล.,    หาดบางแสน,2553,17-350
แบคทีเรียกลุ่มโคลิฟอร์มเอ็มพีเอ็น/100 มล.,    หาดบางแสน,2554,"230 - 11,000"
แบคทีเรียกลุ่มโคลิฟอร์มเอ็มพีเอ็น/100 มล.,    หาดบางแสน,2555,26-170
แบคทีเรียกลุ่มโคลิฟอร์มเอ็มพีเอ็น/100 มล.,    หาดบางแสน,2556, 2 - 49
แบคทีเรียกลุ่มโคลิฟอร์มเอ็มพีเอ็น/100 มล.,    หาดบางแสน,2557,<1 - 71
แบคทีเรียกลุ่มโคลิฟอร์มเอ็มพีเอ็น/100 มล.,    หาดบางแสน,2558,"1.8 - 1,600"
แบคทีเรียกลุ่มโคลิฟอร์มเอ็มพีเอ็น/100 มล.,    ศรีราชา,2541,"      350 - 3,300"
แบคทีเรียกลุ่มโคลิฟอร์มเอ็มพีเอ็น/100 มล.,    ศรีราชา,2542,"        79 - 2,400"
แบคทีเรียกลุ่มโคลิฟอร์มเอ็มพีเอ็น/100 มล.,    ศรีราชา,2543,"           4 - 11,000"
แบคทีเรียกลุ่มโคลิฟอร์มเอ็มพีเอ็น/100 มล.,    ศรีราชา,2544,"43 - 9,000"
แบคทีเรียกลุ่มโคลิฟอร์มเอ็มพีเอ็น/100 มล.,    ศรีราชา,2545,"110 - 5,000"
แบคทีเรียกลุ่มโคลิฟอร์มเอ็มพีเอ็น/100 มล.,    ศรีราชา,2546,170-260
แบคทีเรียกลุ่มโคลิฟอร์มเอ็มพีเอ็น/100 มล.,    ศรีราชา,2547,"<2-7,000"
แบคทีเรียกลุ่มโคลิฟอร์มเอ็มพีเอ็น/100 มล.,    ศรีราชา,2548,240 - 540
แบคทีเรียกลุ่มโคลิฟอร์มเอ็มพีเอ็น/100 มล.,    ศรีราชา,2549,27 - 920
แบคทีเรียกลุ่มโคลิฟอร์มเอ็มพีเอ็น/100 มล.,    ศรีราชา,2550,"500 - 1,600"
แบคทีเรียกลุ่มโคลิฟอร์มเอ็มพีเอ็น/100 มล.,    ศรีราชา,2551,130 - 350
แบคทีเรียกลุ่มโคลิฟอร์มเอ็มพีเอ็น/100 มล.,    ศรีราชา,2552,"170  - 54,000"
แบคทีเรียกลุ่มโคลิฟอร์มเอ็มพีเอ็น/100 มล.,    ศรีราชา,2553,"920-54,000"
แบคทีเรียกลุ่มโคลิฟอร์มเอ็มพีเอ็น/100 มล.,    ศรีราชา,2554,"130 - 160,000"
แบคทีเรียกลุ่มโคลิฟอร์มเอ็มพีเอ็น/100 มล.,    ศรีราชา,2555,"170-1,300"
แบคทีเรียกลุ่มโคลิฟอร์มเอ็มพีเอ็น/100 มล.,    ศรีราชา,2556, 13 - 79
แบคทีเรียกลุ่มโคลิฟอร์มเอ็มพีเอ็น/100 มล.,    ศรีราชา,2557,"<1 - 375,000"
แบคทีเรียกลุ่มโคลิฟอร์มเอ็มพีเอ็น/100 มล.,    ศรีราชา,2558,"46.0 - 2,400"
แบคทีเรียกลุ่มโคลิฟอร์มเอ็มพีเอ็น/100 มล.,    อ่าวอุดมและแหลมฉบัง,2541,"      < 2 - 3,500"
แบคทีเรียกลุ่มโคลิฟอร์มเอ็มพีเอ็น/100 มล.,    อ่าวอุดมและแหลมฉบัง,2542,"        20 - 5,400"
แบคทีเรียกลุ่มโคลิฟอร์มเอ็มพีเอ็น/100 มล.,    อ่าวอุดมและแหลมฉบัง,2543,"        < 2 - 5,000"
แบคทีเรียกลุ่มโคลิฟอร์มเอ็มพีเอ็น/100 มล.,    อ่าวอุดมและแหลมฉบัง,2544,4 - 900
แบคทีเรียกลุ่มโคลิฟอร์มเอ็มพีเอ็น/100 มล.,    อ่าวอุดมและแหลมฉบัง,2545,          <2 - 300
แบคทีเรียกลุ่มโคลิฟอร์มเอ็มพีเอ็น/100 มล.,    อ่าวอุดมและแหลมฉบัง,2546,"<2-1,700"
แบคทีเรียกลุ่มโคลิฟอร์มเอ็มพีเอ็น/100 มล.,    อ่าวอุดมและแหลมฉบัง,2547,"<2-24,000"
แบคทีเรียกลุ่มโคลิฟอร์มเอ็มพีเอ็น/100 มล.,    อ่าวอุดมและแหลมฉบัง,2548,< 2 - 540
แบคทีเรียกลุ่มโคลิฟอร์มเอ็มพีเอ็น/100 มล.,    อ่าวอุดมและแหลมฉบัง,2549,"< 2 - 330,000"
แบคทีเรียกลุ่มโคลิฟอร์มเอ็มพีเอ็น/100 มล.,    อ่าวอุดมและแหลมฉบัง,2550,"2 - 1,600"
แบคทีเรียกลุ่มโคลิฟอร์มเอ็มพีเอ็น/100 มล.,    อ่าวอุดมและแหลมฉบัง,2551,"1.8 - 33,000"
แบคทีเรียกลุ่มโคลิฟอร์มเอ็มพีเอ็น/100 มล.,    อ่าวอุดมและแหลมฉบัง,2552,"<1.8 - 2,100,000"
แบคทีเรียกลุ่มโคลิฟอร์มเอ็มพีเอ็น/100 มล.,    อ่าวอุดมและแหลมฉบัง,2553,"<1.8-35,000"
แบคทีเรียกลุ่มโคลิฟอร์มเอ็มพีเอ็น/100 มล.,    อ่าวอุดมและแหลมฉบัง,2554,"230 - 4,900"
แบคทีเรียกลุ่มโคลิฟอร์มเอ็มพีเอ็น/100 มล.,    อ่าวอุดมและแหลมฉบัง,2555,23-540
แบคทีเรียกลุ่มโคลิฟอร์มเอ็มพีเอ็น/100 มล.,    อ่าวอุดมและแหลมฉบัง,2556,"1.8 - 54,000"
แบคทีเรียกลุ่มโคลิฟอร์มเอ็มพีเอ็น/100 มล.,    อ่าวอุดมและแหลมฉบัง,2557,"<1 - 5,450"
แบคทีเรียกลุ่มโคลิฟอร์มเอ็มพีเอ็น/100 มล.,    อ่าวอุดมและแหลมฉบัง,2558,"7.8 - 160,000"
แบคทีเรียกลุ่มโคลิฟอร์มเอ็มพีเอ็น/100 มล.,    หาดพัทยา,2541,      < 2 - 2
แบคทีเรียกลุ่มโคลิฟอร์มเอ็มพีเอ็น/100 มล.,    หาดพัทยา,2542,"        13 - 2,400"
แบคทีเรียกลุ่มโคลิฟอร์มเอ็มพีเอ็น/100 มล.,    หาดพัทยา,2543,"        < 2 - 16,000"
แบคทีเรียกลุ่มโคลิฟอร์มเอ็มพีเอ็น/100 มล.,    หาดพัทยา,2544,           2 - 26
แบคทีเรียกลุ่มโคลิฟอร์มเอ็มพีเอ็น/100 มล.,    หาดพัทยา,2545,          <2 - 2
แบคทีเรียกลุ่มโคลิฟอร์มเอ็มพีเอ็น/100 มล.,    หาดพัทยา,2546,<2-70
แบคทีเรียกลุ่มโคลิฟอร์มเอ็มพีเอ็น/100 มล.,    หาดพัทยา,2547,"23-2,400"
แบคทีเรียกลุ่มโคลิฟอร์มเอ็มพีเอ็น/100 มล.,    หาดพัทยา,2548,"< 2 - 4,900"
แบคทีเรียกลุ่มโคลิฟอร์มเอ็มพีเอ็น/100 มล.,    หาดพัทยา,2549,"4 - 2,400"
แบคทีเรียกลุ่มโคลิฟอร์มเอ็มพีเอ็น/100 มล.,    หาดพัทยา,2550,23 - 900
แบคทีเรียกลุ่มโคลิฟอร์มเอ็มพีเอ็น/100 มล.,    หาดพัทยา,2551,1.8 - 920
แบคทีเรียกลุ่มโคลิฟอร์มเอ็มพีเอ็น/100 มล.,    หาดพัทยา,2552,2 - 450
แบคทีเรียกลุ่มโคลิฟอร์มเอ็มพีเอ็น/100 มล.,    หาดพัทยา,2553,"<1.8-1,300"
แบคทีเรียกลุ่มโคลิฟอร์มเอ็มพีเอ็น/100 มล.,    หาดพัทยา,2554,"130 - 13,000"
แบคทีเรียกลุ่มโคลิฟอร์มเอ็มพีเอ็น/100 มล.,    หาดพัทยา,2555,12-790
แบคทีเรียกลุ่มโคลิฟอร์มเอ็มพีเอ็น/100 มล.,    หาดพัทยา,2556,1.8 - 540
แบคทีเรียกลุ่มโคลิฟอร์มเอ็มพีเอ็น/100 มล.,    หาดพัทยา,2557,<1 - 7
แบคทีเรียกลุ่มโคลิฟอร์มเอ็มพีเอ็น/100 มล.,    หาดพัทยา,2558,"2.0 - 1,300"
แบคทีเรียกลุ่มโคลิฟอร์มเอ็มพีเอ็น/100 มล.,    หาดจอมเทียน,2541,      < 2 - 33
แบคทีเรียกลุ่มโคลิฟอร์มเอ็มพีเอ็น/100 มล.,    หาดจอมเทียน,2542,          2 - 920
แบคทีเรียกลุ่มโคลิฟอร์มเอ็มพีเอ็น/100 มล.,    หาดจอมเทียน,2543,        < 2 - 500
แบคทีเรียกลุ่มโคลิฟอร์มเอ็มพีเอ็น/100 มล.,    หาดจอมเทียน,2544,2 - 220
แบคทีเรียกลุ่มโคลิฟอร์มเอ็มพีเอ็น/100 มล.,    หาดจอมเทียน,2545,          <2 - 2
แบคทีเรียกลุ่มโคลิฟอร์มเอ็มพีเอ็น/100 มล.,    หาดจอมเทียน,2546,<2
แบคทีเรียกลุ่มโคลิฟอร์มเอ็มพีเอ็น/100 มล.,    หาดจอมเทียน,2547,<2-9
แบคทีเรียกลุ่มโคลิฟอร์มเอ็มพีเอ็น/100 มล.,    หาดจอมเทียน,2548,< 2 - 24
แบคทีเรียกลุ่มโคลิฟอร์มเอ็มพีเอ็น/100 มล.,    หาดจอมเทียน,2549,< 2 - 240
แบคทีเรียกลุ่มโคลิฟอร์มเอ็มพีเอ็น/100 มล.,    หาดจอมเทียน,2550,13 - 170
แบคทีเรียกลุ่มโคลิฟอร์มเอ็มพีเอ็น/100 มล.,    หาดจอมเทียน,2551,1.8 -79
แบคทีเรียกลุ่มโคลิฟอร์มเอ็มพีเอ็น/100 มล.,    หาดจอมเทียน,2552,"<1.8 - 2,600"
แบคทีเรียกลุ่มโคลิฟอร์มเอ็มพีเอ็น/100 มล.,    หาดจอมเทียน,2553,4.5-130
แบคทีเรียกลุ่มโคลิฟอร์มเอ็มพีเอ็น/100 มล.,    หาดจอมเทียน,2554,"3,300 - 35,000"
แบคทีเรียกลุ่มโคลิฟอร์มเอ็มพีเอ็น/100 มล.,    หาดจอมเทียน,2555,330 - 490
แบคทีเรียกลุ่มโคลิฟอร์มเอ็มพีเอ็น/100 มล.,    หาดจอมเทียน,2556,-
แบคทีเรียกลุ่มโคลิฟอร์มเอ็มพีเอ็น/100 มล.,    หาดจอมเทียน,2557,<1 - 315
แบคทีเรียกลุ่มโคลิฟอร์มเอ็มพีเอ็น/100 มล.,    หาดจอมเทียน,2558,79.0 - 540
แบคทีเรียกลุ่มโคลิฟอร์มเอ็มพีเอ็น/100 มล.,    มาบตาพุด,2541,      < 2 - 130
แบคทีเรียกลุ่มโคลิฟอร์มเอ็มพีเอ็น/100 มล.,    มาบตาพุด,2542,"      < 2 - 2,400"
แบคทีเรียกลุ่มโคลิฟอร์มเอ็มพีเอ็น/100 มล.,    มาบตาพุด,2543,"        < 2 - 16,000"
แบคทีเรียกลุ่มโคลิฟอร์มเอ็มพีเอ็น/100 มล.,    มาบตาพุด,2544,           4 - 9
แบคทีเรียกลุ่มโคลิฟอร์มเอ็มพีเอ็น/100 มล.,    มาบตาพุด,2545,<2
แบคทีเรียกลุ่มโคลิฟอร์มเอ็มพีเอ็น/100 มล.,    มาบตาพุด,2546,500
แบคทีเรียกลุ่มโคลิฟอร์มเอ็มพีเอ็น/100 มล.,    มาบตาพุด,2547,4
แบคทีเรียกลุ่มโคลิฟอร์มเอ็มพีเอ็น/100 มล.,    มาบตาพุด,2548,< 2
แบคทีเรียกลุ่มโคลิฟอร์มเอ็มพีเอ็น/100 มล.,    มาบตาพุด,2549,< 2 - 4
แบคทีเรียกลุ่มโคลิฟอร์มเอ็มพีเอ็น/100 มล.,    มาบตาพุด,2550,2.0 - 8.0
แบคทีเรียกลุ่มโคลิฟอร์มเอ็มพีเอ็น/100 มล.,    มาบตาพุด,2551,"1.8 - 1,700"
แบคทีเรียกลุ่มโคลิฟอร์มเอ็มพีเอ็น/100 มล.,    มาบตาพุด,2552,"<1.8 - 1,600"
แบคทีเรียกลุ่มโคลิฟอร์มเอ็มพีเอ็น/100 มล.,    มาบตาพุด,2553,<1.8-170
แบคทีเรียกลุ่มโคลิฟอร์มเอ็มพีเอ็น/100 มล.,    มาบตาพุด,2554,"<1.8 - 35,000"
แบคทีเรียกลุ่มโคลิฟอร์มเอ็มพีเอ็น/100 มล.,    มาบตาพุด,2555,-
แบคทีเรียกลุ่มโคลิฟอร์มเอ็มพีเอ็น/100 มล.,    มาบตาพุด,2556,-
แบคทีเรียกลุ่มโคลิฟอร์มเอ็มพีเอ็น/100 มล.,    มาบตาพุด,2557,<1 - 29.5
แบคทีเรียกลุ่มโคลิฟอร์มเอ็มพีเอ็น/100 มล.,    มาบตาพุด,2558,"2.0 - 9,200"
แบคทีเรียกลุ่มโคลิฟอร์มเอ็มพีเอ็น/100 มล.,    หาดแม่รำพึง -  แหลมแม่พิมพ์,2541,      < 2 - 170
แบคทีเรียกลุ่มโคลิฟอร์มเอ็มพีเอ็น/100 มล.,    หาดแม่รำพึง -  แหลมแม่พิมพ์,2542,"      < 2 - >2,400"
แบคทีเรียกลุ่มโคลิฟอร์มเอ็มพีเอ็น/100 มล.,    หาดแม่รำพึง -  แหลมแม่พิมพ์,2543,"        < 2 - 2,800"
แบคทีเรียกลุ่มโคลิฟอร์มเอ็มพีเอ็น/100 มล.,    หาดแม่รำพึง -  แหลมแม่พิมพ์,2544,           2 - 17
แบคทีเรียกลุ่มโคลิฟอร์มเอ็มพีเอ็น/100 มล.,    หาดแม่รำพึง -  แหลมแม่พิมพ์,2545,<2
แบคทีเรียกลุ่มโคลิฟอร์มเอ็มพีเอ็น/100 มล.,    หาดแม่รำพึง -  แหลมแม่พิมพ์,2546,<2-130
แบคทีเรียกลุ่มโคลิฟอร์มเอ็มพีเอ็น/100 มล.,    หาดแม่รำพึง -  แหลมแม่พิมพ์,2547,"<2-1,100"
แบคทีเรียกลุ่มโคลิฟอร์มเอ็มพีเอ็น/100 มล.,    หาดแม่รำพึง -  แหลมแม่พิมพ์,2548,"< 2 - 4,900"
แบคทีเรียกลุ่มโคลิฟอร์มเอ็มพีเอ็น/100 มล.,    หาดแม่รำพึง -  แหลมแม่พิมพ์,2549,"< 2 - 1,300"
แบคทีเรียกลุ่มโคลิฟอร์มเอ็มพีเอ็น/100 มล.,    หาดแม่รำพึง -  แหลมแม่พิมพ์,2550,2 - 300
แบคทีเรียกลุ่มโคลิฟอร์มเอ็มพีเอ็น/100 มล.,    หาดแม่รำพึง -  แหลมแม่พิมพ์,2551,3.7 - 220
แบคทีเรียกลุ่มโคลิฟอร์มเอ็มพีเอ็น/100 มล.,    หาดแม่รำพึง -  แหลมแม่พิมพ์,2552,<1.8 - 240
แบคทีเรียกลุ่มโคลิฟอร์มเอ็มพีเอ็น/100 มล.,    หาดแม่รำพึง -  แหลมแม่พิมพ์,2553,2.0-63
แบคทีเรียกลุ่มโคลิฟอร์มเอ็มพีเอ็น/100 มล.,    หาดแม่รำพึง -  แหลมแม่พิมพ์,2554,"24 - 2,300"
แบคทีเรียกลุ่มโคลิฟอร์มเอ็มพีเอ็น/100 มล.,    หาดแม่รำพึง -  แหลมแม่พิมพ์,2555,"<1.8-2,300"
แบคทีเรียกลุ่มโคลิฟอร์มเอ็มพีเอ็น/100 มล.,    หาดแม่รำพึง -  แหลมแม่พิมพ์,2556,<1.8
แบคทีเรียกลุ่มโคลิฟอร์มเอ็มพีเอ็น/100 มล.,    หาดแม่รำพึง -  แหลมแม่พิมพ์,2557,<1 - 9
แบคทีเรียกลุ่มโคลิฟอร์มเอ็มพีเอ็น/100 มล.,    หาดแม่รำพึง -  แหลมแม่พิมพ์,2558,11
แบคทีเรียกลุ่มโคลิฟอร์มเอ็มพีเอ็น/100 มล.,    จันทบุรี - ตราด,2541,"      < 2 - > 16,000"
แบคทีเรียกลุ่มโคลิฟอร์มเอ็มพีเอ็น/100 มล.,    จันทบุรี - ตราด,2542,"        17 - > 2,400"
แบคทีเรียกลุ่มโคลิฟอร์มเอ็มพีเอ็น/100 มล.,    จันทบุรี - ตราด,2543,"        < 2 - 1,300"
แบคทีเรียกลุ่มโคลิฟอร์มเอ็มพีเอ็น/100 มล.,    จันทบุรี - ตราด,2544,"           2 - 9,000"
แบคทีเรียกลุ่มโคลิฟอร์มเอ็มพีเอ็น/100 มล.,    จันทบุรี - ตราด,2545,"          <2 - 9,000"
แบคทีเรียกลุ่มโคลิฟอร์มเอ็มพีเอ็น/100 มล.,    จันทบุรี - ตราด,2546,"<2-16,000"
แบคทีเรียกลุ่มโคลิฟอร์มเอ็มพีเอ็น/100 มล.,    จันทบุรี - ตราด,2547,"<2-350,000"
แบคทีเรียกลุ่มโคลิฟอร์มเอ็มพีเอ็น/100 มล.,    จันทบุรี - ตราด,2548,"< 2 - 3,300"
แบคทีเรียกลุ่มโคลิฟอร์มเอ็มพีเอ็น/100 มล.,    จันทบุรี - ตราด,2549,"< 2 - 49,000"
แบคทีเรียกลุ่มโคลิฟอร์มเอ็มพีเอ็น/100 มล.,    จันทบุรี - ตราด,2550,"2 - 11,000"
แบคทีเรียกลุ่มโคลิฟอร์มเอ็มพีเอ็น/100 มล.,    จันทบุรี - ตราด,2551,"1.8 - 2,400"
แบคทีเรียกลุ่มโคลิฟอร์มเอ็มพีเอ็น/100 มล.,    จันทบุรี - ตราด,2552,"<1.8 - 160,000"
แบคทีเรียกลุ่มโคลิฟอร์มเอ็มพีเอ็น/100 มล.,    จันทบุรี - ตราด,2553,"1.8->160,000"
แบคทีเรียกลุ่มโคลิฟอร์มเอ็มพีเอ็น/100 มล.,    จันทบุรี - ตราด,2554,"<1 - >160,000"
แบคทีเรียกลุ่มโคลิฟอร์มเอ็มพีเอ็น/100 มล.,    จันทบุรี - ตราด,2555,"<1.8 -160,000"
แบคทีเรียกลุ่มโคลิฟอร์มเอ็มพีเอ็น/100 มล.,    จันทบุรี - ตราด,2556,"<1.8 - 2,800"
แบคทีเรียกลุ่มโคลิฟอร์มเอ็มพีเอ็น/100 มล.,    จันทบุรี - ตราด,2557,"<1 - 4,050"
แบคทีเรียกลุ่มโคลิฟอร์มเอ็มพีเอ็น/100 มล.,    จันทบุรี - ตราด,2558,"<1.8 - 3,300"
แบคทีเรียกลุ่มโคลิฟอร์มเอ็มพีเอ็น/100 มล.,    ปากน้ำระยอง,2556,34 - 79
แบคทีเรียกลุ่มโคลิฟอร์มเอ็มพีเอ็น/100 มล.,    ปากน้ำระยอง,2557,<1
แบคทีเรียกลุ่มโคลิฟอร์มเอ็มพีเอ็น/100 มล.,    ปากน้ำระยอง,2558,4.5 - 790
แบคทีเรียกลุ่มโคลิฟอร์มเอ็มพีเอ็น/100 มล.,    ปากแม่น้ำประแสร์,2556,"540 - 3,500"
แบคทีเรียกลุ่มโคลิฟอร์มเอ็มพีเอ็น/100 มล.,    ปากแม่น้ำประแสร์,2557,<1 - 220
แบคทีเรียกลุ่มโคลิฟอร์มเอ็มพีเอ็น/100 มล.,    ปากแม่น้ำประแสร์,2558,79 - 330
แบคทีเรียกลุ่มโคลิฟอร์มเอ็มพีเอ็น/100 มล.,    ท่าเรือประมง (ตลาดบ้านเพ),2556,<1.8 - 14
แบคทีเรียกลุ่มโคลิฟอร์มเอ็มพีเอ็น/100 มล.,    ท่าเรือประมง (ตลาดบ้านเพ),2557,<1 - 580
แบคทีเรียกลุ่มโคลิฟอร์มเอ็มพีเอ็น/100 มล.,    ท่าเรือประมง (ตลาดบ้านเพ),2558,2.0 - 17
แบคทีเรียกลุ่มโคลิฟอร์มเอ็มพีเอ็น/100 มล.,    แหลมแม่พิมพ์,2557,<1
แบคทีเรียกลุ่มโคลิฟอร์มเอ็มพีเอ็น/100 มล.,    แหลมแม่พิมพ์,2558,130 - 540
แบคทีเรียกลุ่มโคลิฟอร์มเอ็มพีเอ็น/100 มล.,    เพชรบุรี,2541,"      < 2 - 24,000"
แบคทีเรียกลุ่มโคลิฟอร์มเอ็มพีเอ็น/100 มล.,    เพชรบุรี,2542,"          7 - 24,000"
แบคทีเรียกลุ่มโคลิฟอร์มเอ็มพีเอ็น/100 มล.,    เพชรบุรี,2543,"        < 2 - 9,000"
แบคทีเรียกลุ่มโคลิฟอร์มเอ็มพีเอ็น/100 มล.,    เพชรบุรี,2544,"           2 - 9,000"
แบคทีเรียกลุ่มโคลิฟอร์มเอ็มพีเอ็น/100 มล.,    เพชรบุรี,2545,"          <2 - 16,000"
แบคทีเรียกลุ่มโคลิฟอร์มเอ็มพีเอ็น/100 มล.,    เพชรบุรี,2546,"<2-5,000"
แบคทีเรียกลุ่มโคลิฟอร์มเอ็มพีเอ็น/100 มล.,    เพชรบุรี,2547,"< 2-46,000"
แบคทีเรียกลุ่มโคลิฟอร์มเอ็มพีเอ็น/100 มล.,    เพชรบุรี,2548,"< 2 - 35,000"
แบคทีเรียกลุ่มโคลิฟอร์มเอ็มพีเอ็น/100 มล.,    เพชรบุรี,2549,"< 2 - 24,00"
แบคทีเรียกลุ่มโคลิฟอร์มเอ็มพีเอ็น/100 มล.,    เพชรบุรี,2550,"2.0 - 5,000"
แบคทีเรียกลุ่มโคลิฟอร์มเอ็มพีเอ็น/100 มล.,    เพชรบุรี,2551,"1.8 - 4,900"
แบคทีเรียกลุ่มโคลิฟอร์มเอ็มพีเอ็น/100 มล.,    เพชรบุรี,2552,"<1.8 - 160,000"
แบคทีเรียกลุ่มโคลิฟอร์มเอ็มพีเอ็น/100 มล.,    เพชรบุรี,2553,"<1.8-160,000"
แบคทีเรียกลุ่มโคลิฟอร์มเอ็มพีเอ็น/100 มล.,    เพชรบุรี,2554,"33 - 1,700"
แบคทีเรียกลุ่มโคลิฟอร์มเอ็มพีเอ็น/100 มล.,    เพชรบุรี,2555,"230-2,300"
แบคทีเรียกลุ่มโคลิฟอร์มเอ็มพีเอ็น/100 มล.,    เพชรบุรี,2556,"49 - 4,600"
แบคทีเรียกลุ่มโคลิฟอร์มเอ็มพีเอ็น/100 มล.,    เพชรบุรี,2557,<1 - 380
แบคทีเรียกลุ่มโคลิฟอร์มเอ็มพีเอ็น/100 มล.,    เพชรบุรี,2558,<1.8 - 790
แบคทีเรียกลุ่มโคลิฟอร์มเอ็มพีเอ็น/100 มล.,    หาดชะอำ,2541,"      < 2 - 1,300"
แบคทีเรียกลุ่มโคลิฟอร์มเอ็มพีเอ็น/100 มล.,    หาดชะอำ,2542,      < 2 - 540
แบคทีเรียกลุ่มโคลิฟอร์มเอ็มพีเอ็น/100 มล.,    หาดชะอำ,2543,        < 2 - 4
แบคทีเรียกลุ่มโคลิฟอร์มเอ็มพีเอ็น/100 มล.,    หาดชะอำ,2544,           2 - 130
แบคทีเรียกลุ่มโคลิฟอร์มเอ็มพีเอ็น/100 มล.,    หาดชะอำ,2545,2
แบคทีเรียกลุ่มโคลิฟอร์มเอ็มพีเอ็น/100 มล.,    หาดชะอำ,2546,<2
แบคทีเรียกลุ่มโคลิฟอร์มเอ็มพีเอ็น/100 มล.,    หาดชะอำ,2547,< 2-22
แบคทีเรียกลุ่มโคลิฟอร์มเอ็มพีเอ็น/100 มล.,    หาดชะอำ,2548,"< 2 - 1,600"
แบคทีเรียกลุ่มโคลิฟอร์มเอ็มพีเอ็น/100 มล.,    หาดชะอำ,2549,< 2 - 240
แบคทีเรียกลุ่มโคลิฟอร์มเอ็มพีเอ็น/100 มล.,    หาดชะอำ,2550,"11.0 - 3,000"
แบคทีเรียกลุ่มโคลิฟอร์มเอ็มพีเอ็น/100 มล.,    หาดชะอำ,2551,1.8 - 540
แบคทีเรียกลุ่มโคลิฟอร์มเอ็มพีเอ็น/100 มล.,    หาดชะอำ,2552,<1.8 - 180
แบคทีเรียกลุ่มโคลิฟอร์มเอ็มพีเอ็น/100 มล.,    หาดชะอำ,2553,<1.8-130
แบคทีเรียกลุ่มโคลิฟอร์มเอ็มพีเอ็น/100 มล.,    หาดชะอำ,2554,"130 - 2,300"
แบคทีเรียกลุ่มโคลิฟอร์มเอ็มพีเอ็น/100 มล.,    หาดชะอำ,2555,13-230
แบคทีเรียกลุ่มโคลิฟอร์มเอ็มพีเอ็น/100 มล.,    หาดชะอำ,2556,<1.8 - 130
แบคทีเรียกลุ่มโคลิฟอร์มเอ็มพีเอ็น/100 มล.,    หาดชะอำ,2557,<1 - 9
แบคทีเรียกลุ่มโคลิฟอร์มเอ็มพีเอ็น/100 มล.,    หาดชะอำ,2558,<1.8 - 17
แบคทีเรียกลุ่มโคลิฟอร์มเอ็มพีเอ็น/100 มล.,    หาดหัวหิน,2541,      < 2 - 920
แบคทีเรียกลุ่มโคลิฟอร์มเอ็มพีเอ็น/100 มล.,    หาดหัวหิน,2542,"          2 - 2,400"
แบคทีเรียกลุ่มโคลิฟอร์มเอ็มพีเอ็น/100 มล.,    หาดหัวหิน,2543,"        < 2 - 2,400"
แบคทีเรียกลุ่มโคลิฟอร์มเอ็มพีเอ็น/100 มล.,    หาดหัวหิน,2544,           2 - 50
แบคทีเรียกลุ่มโคลิฟอร์มเอ็มพีเอ็น/100 มล.,    หาดหัวหิน,2545,          <2 - 34
แบคทีเรียกลุ่มโคลิฟอร์มเอ็มพีเอ็น/100 มล.,    หาดหัวหิน,2546,"<2-16,000"
แบคทีเรียกลุ่มโคลิฟอร์มเอ็มพีเอ็น/100 มล.,    หาดหัวหิน,2547,"<2-2,400"
แบคทีเรียกลุ่มโคลิฟอร์มเอ็มพีเอ็น/100 มล.,    หาดหัวหิน,2548,< 2 - 2
แบคทีเรียกลุ่มโคลิฟอร์มเอ็มพีเอ็น/100 มล.,    หาดหัวหิน,2549,"< 2 - 3,100"
แบคทีเรียกลุ่มโคลิฟอร์มเอ็มพีเอ็น/100 มล.,    หาดหัวหิน,2550,"2.0 - 1,600"
แบคทีเรียกลุ่มโคลิฟอร์มเอ็มพีเอ็น/100 มล.,    หาดหัวหิน,2551,"1.8 - 24,000"
แบคทีเรียกลุ่มโคลิฟอร์มเอ็มพีเอ็น/100 มล.,    หาดหัวหิน,2552,"2 - 160,000"
แบคทีเรียกลุ่มโคลิฟอร์มเอ็มพีเอ็น/100 มล.,    หาดหัวหิน,2553,"2-92,000"
แบคทีเรียกลุ่มโคลิฟอร์มเอ็มพีเอ็น/100 มล.,    หาดหัวหิน,2554,"130 - 7,900"
แบคทีเรียกลุ่มโคลิฟอร์มเอ็มพีเอ็น/100 มล.,    หาดหัวหิน,2555,<1.8-490
แบคทีเรียกลุ่มโคลิฟอร์มเอ็มพีเอ็น/100 มล.,    หาดหัวหิน,2556,"4 - 1,300"
แบคทีเรียกลุ่มโคลิฟอร์มเอ็มพีเอ็น/100 มล.,    หาดหัวหิน,2557,<1 - 77
แบคทีเรียกลุ่มโคลิฟอร์มเอ็มพีเอ็น/100 มล.,    หาดหัวหิน,2558,"<1.8 - 2,300"
แบคทีเรียกลุ่มโคลิฟอร์มเอ็มพีเอ็น/100 มล.,    สุราษฎร์ธานี,2541,"      < 2 - 35,000"
แบคทีเรียกลุ่มโคลิฟอร์มเอ็มพีเอ็น/100 มล.,    สุราษฎร์ธานี,2542,"      < 2 - 2,400"
แบคทีเรียกลุ่มโคลิฟอร์มเอ็มพีเอ็น/100 มล.,    สุราษฎร์ธานี,2543,"        < 2 - 16,000"
แบคทีเรียกลุ่มโคลิฟอร์มเอ็มพีเอ็น/100 มล.,    สุราษฎร์ธานี,2544,"           2 - 5,000"
แบคทีเรียกลุ่มโคลิฟอร์มเอ็มพีเอ็น/100 มล.,    สุราษฎร์ธานี,2545,          <2 - 3000
แบคทีเรียกลุ่มโคลิฟอร์มเอ็มพีเอ็น/100 มล.,    สุราษฎร์ธานี,2546,"<2-2,200"
แบคทีเรียกลุ่มโคลิฟอร์มเอ็มพีเอ็น/100 มล.,    สุราษฎร์ธานี,2547,"<2-24,000"
แบคทีเรียกลุ่มโคลิฟอร์มเอ็มพีเอ็น/100 มล.,    สุราษฎร์ธานี,2548,"< 2 - 24,000"
แบคทีเรียกลุ่มโคลิฟอร์มเอ็มพีเอ็น/100 มล.,    สุราษฎร์ธานี,2549,"< 2 - 4,900"
แบคทีเรียกลุ่มโคลิฟอร์มเอ็มพีเอ็น/100 มล.,    สุราษฎร์ธานี,2551,"1.8 - 92,000"
แบคทีเรียกลุ่มโคลิฟอร์มเอ็มพีเอ็น/100 มล.,    สุราษฎร์ธานี,2552,"<1.8 - 35,000"
แบคทีเรียกลุ่มโคลิฟอร์มเอ็มพีเอ็น/100 มล.,    สุราษฎร์ธานี,2553,"<1.8-35,000"
แบคทีเรียกลุ่มโคลิฟอร์มเอ็มพีเอ็น/100 มล.,    สุราษฎร์ธานี,2554,"16 - 160,000"
แบคทีเรียกลุ่มโคลิฟอร์มเอ็มพีเอ็น/100 มล.,    สุราษฎร์ธานี,2555,"<1.0-3,300"
แบคทีเรียกลุ่มโคลิฟอร์มเอ็มพีเอ็น/100 มล.,    สุราษฎร์ธานี,2556,"<1.8 - 3,500"
แบคทีเรียกลุ่มโคลิฟอร์มเอ็มพีเอ็น/100 มล.,    สุราษฎร์ธานี,2557,<1 - 515
แบคทีเรียกลุ่มโคลิฟอร์มเอ็มพีเอ็น/100 มล.,    สุราษฎร์ธานี,2558,"<1.8 - 5,400"
แบคทีเรียกลุ่มโคลิฟอร์มเอ็มพีเอ็น/100 มล.,    เกาะสมุย,2541,"      < 2 - 1,600"
แบคทีเรียกลุ่มโคลิฟอร์มเอ็มพีเอ็น/100 มล.,    เกาะสมุย,2542,"      < 2 - 2,400"
แบคทีเรียกลุ่มโคลิฟอร์มเอ็มพีเอ็น/100 มล.,    เกาะสมุย,2543,"        < 2 - 7,010"
แบคทีเรียกลุ่มโคลิฟอร์มเอ็มพีเอ็น/100 มล.,    เกาะสมุย,2544,           2 - 170
แบคทีเรียกลุ่มโคลิฟอร์มเอ็มพีเอ็น/100 มล.,    เกาะสมุย,2545,          <2 - 300
แบคทีเรียกลุ่มโคลิฟอร์มเอ็มพีเอ็น/100 มล.,    เกาะสมุย,2546,"<2-16,000"
แบคทีเรียกลุ่มโคลิฟอร์มเอ็มพีเอ็น/100 มล.,    เกาะสมุย,2547,<2-540
แบคทีเรียกลุ่มโคลิฟอร์มเอ็มพีเอ็น/100 มล.,    เกาะสมุย,2548,"< 2 - 24,000"
แบคทีเรียกลุ่มโคลิฟอร์มเอ็มพีเอ็น/100 มล.,    เกาะสมุย,2549,"< 2 - 2,400"
แบคทีเรียกลุ่มโคลิฟอร์มเอ็มพีเอ็น/100 มล.,    เกาะสมุย,2551,"1.8 - 22,000"
แบคทีเรียกลุ่มโคลิฟอร์มเอ็มพีเอ็น/100 มล.,    เกาะสมุย,2552,"<1.8 - 54,000"
แบคทีเรียกลุ่มโคลิฟอร์มเอ็มพีเอ็น/100 มล.,    เกาะสมุย,2553,<1.8-240
แบคทีเรียกลุ่มโคลิฟอร์มเอ็มพีเอ็น/100 มล.,    เกาะสมุย,2554,"49 - 17,000"
แบคทีเรียกลุ่มโคลิฟอร์มเอ็มพีเอ็น/100 มล.,    เกาะสมุย,2555,"4.5-2,300"
แบคทีเรียกลุ่มโคลิฟอร์มเอ็มพีเอ็น/100 มล.,    เกาะสมุย,2556,<1.8 - 79
แบคทีเรียกลุ่มโคลิฟอร์มเอ็มพีเอ็น/100 มล.,    เกาะสมุย,2557,<1 - 39
แบคทีเรียกลุ่มโคลิฟอร์มเอ็มพีเอ็น/100 มล.,    เกาะสมุย,2558,"<1.8 - 160,000"
แบคทีเรียกลุ่มโคลิฟอร์มเอ็มพีเอ็น/100 มล.,    นครศรีธรรมราช,2541,"      < 2 - 3,300"
แบคทีเรียกลุ่มโคลิฟอร์มเอ็มพีเอ็น/100 มล.,    นครศรีธรรมราช,2542,"      < 2 - 2,400"
แบคทีเรียกลุ่มโคลิฟอร์มเอ็มพีเอ็น/100 มล.,    นครศรีธรรมราช,2543,"        < 2 - 16,000"
แบคทีเรียกลุ่มโคลิฟอร์มเอ็มพีเอ็น/100 มล.,    นครศรีธรรมราช,2544,         <2 - 500
แบคทีเรียกลุ่มโคลิฟอร์มเอ็มพีเอ็น/100 มล.,    นครศรีธรรมราช,2545,          <2 - 8
แบคทีเรียกลุ่มโคลิฟอร์มเอ็มพีเอ็น/100 มล.,    นครศรีธรรมราช,2546,"<2-1,700"
แบคทีเรียกลุ่มโคลิฟอร์มเอ็มพีเอ็น/100 มล.,    นครศรีธรรมราช,2547,"<2-3,500"
แบคทีเรียกลุ่มโคลิฟอร์มเอ็มพีเอ็น/100 มล.,    นครศรีธรรมราช,2548,< 2 - 240
แบคทีเรียกลุ่มโคลิฟอร์มเอ็มพีเอ็น/100 มล.,    นครศรีธรรมราช,2549,"< 2 - 24,000"
แบคทีเรียกลุ่มโคลิฟอร์มเอ็มพีเอ็น/100 มล.,    นครศรีธรรมราช,2550,"2.0 - 4,000"
แบคทีเรียกลุ่มโคลิฟอร์มเอ็มพีเอ็น/100 มล.,    นครศรีธรรมราช,2551,"1.8 - 1,600"
แบคทีเรียกลุ่มโคลิฟอร์มเอ็มพีเอ็น/100 มล.,    นครศรีธรรมราช,2552,"<1.8 - 5,400"
แบคทีเรียกลุ่มโคลิฟอร์มเอ็มพีเอ็น/100 มล.,    นครศรีธรรมราช,2553,"<1.8-3,500"
แบคทีเรียกลุ่มโคลิฟอร์มเอ็มพีเอ็น/100 มล.,    นครศรีธรรมราช,2554,"5 - 350,000"
แบคทีเรียกลุ่มโคลิฟอร์มเอ็มพีเอ็น/100 มล.,    นครศรีธรรมราช,2555,"<1.8-4,900"
แบคทีเรียกลุ่มโคลิฟอร์มเอ็มพีเอ็น/100 มล.,    นครศรีธรรมราช,2556,"<1.8 - 13,000"
แบคทีเรียกลุ่มโคลิฟอร์มเอ็มพีเอ็น/100 มล.,    นครศรีธรรมราช,2557,<1 - 84
แบคทีเรียกลุ่มโคลิฟอร์มเอ็มพีเอ็น/100 มล.,    นครศรีธรรมราช,2558,"<1.8 - 1,300"
แบคทีเรียกลุ่มโคลิฟอร์มเอ็มพีเอ็น/100 มล.,    สงขลา (หาดสมิหลา หาดสทิงพระ),2541,         2 - 17
แบคทีเรียกลุ่มโคลิฟอร์มเอ็มพีเอ็น/100 มล.,    สงขลา (หาดสมิหลา หาดสทิงพระ),2542,      < 2 - 350
แบคทีเรียกลุ่มโคลิฟอร์มเอ็มพีเอ็น/100 มล.,    สงขลา (หาดสมิหลา หาดสทิงพระ),2543,        < 2 - 500
แบคทีเรียกลุ่มโคลิฟอร์มเอ็มพีเอ็น/100 มล.,    สงขลา (หาดสมิหลา หาดสทิงพระ),2544,         <2 - 150
แบคทีเรียกลุ่มโคลิฟอร์มเอ็มพีเอ็น/100 มล.,    สงขลา (หาดสมิหลา หาดสทิงพระ),2545,<2
แบคทีเรียกลุ่มโคลิฟอร์มเอ็มพีเอ็น/100 มล.,    สงขลา (หาดสมิหลา หาดสทิงพระ),2546,<2-20
แบคทีเรียกลุ่มโคลิฟอร์มเอ็มพีเอ็น/100 มล.,    สงขลา (หาดสมิหลา หาดสทิงพระ),2547,<2-43
แบคทีเรียกลุ่มโคลิฟอร์มเอ็มพีเอ็น/100 มล.,    สงขลา (หาดสมิหลา หาดสทิงพระ),2548,< 2 - 240
แบคทีเรียกลุ่มโคลิฟอร์มเอ็มพีเอ็น/100 มล.,    สงขลา (หาดสมิหลา หาดสทิงพระ),2549,< 2 - 13
แบคทีเรียกลุ่มโคลิฟอร์มเอ็มพีเอ็น/100 มล.,    สงขลา (หาดสมิหลา หาดสทิงพระ),2550,2.0 - 4.0
แบคทีเรียกลุ่มโคลิฟอร์มเอ็มพีเอ็น/100 มล.,    สงขลา (หาดสมิหลา หาดสทิงพระ),2551,1.8 - 30.0
แบคทีเรียกลุ่มโคลิฟอร์มเอ็มพีเอ็น/100 มล.,    สงขลา (หาดสมิหลา หาดสทิงพระ),2552,<1.8 - 540
แบคทีเรียกลุ่มโคลิฟอร์มเอ็มพีเอ็น/100 มล.,    สงขลา (หาดสมิหลา หาดสทิงพระ),2553,"<1.8-1,100"
แบคทีเรียกลุ่มโคลิฟอร์มเอ็มพีเอ็น/100 มล.,    สงขลา (หาดสมิหลา หาดสทิงพระ),2554,79 - 330
แบคทีเรียกลุ่มโคลิฟอร์มเอ็มพีเอ็น/100 มล.,    สงขลา (หาดสมิหลา หาดสทิงพระ),2555,"<1.8 -2,300"
แบคทีเรียกลุ่มโคลิฟอร์มเอ็มพีเอ็น/100 มล.,    สงขลา (หาดสมิหลา หาดสทิงพระ),2556,33 - 130
แบคทีเรียกลุ่มโคลิฟอร์มเอ็มพีเอ็น/100 มล.,    สงขลา (หาดสมิหลา หาดสทิงพระ),2557,<1
แบคทีเรียกลุ่มโคลิฟอร์มเอ็มพีเอ็น/100 มล.,    สงขลา (หาดสมิหลา หาดสทิงพระ),2558,<1.8 - 330
แบคทีเรียกลุ่มโคลิฟอร์มเอ็มพีเอ็น/100 มล.,    หาดป่าตอง,2541,"      < 2 - 3,900"
แบคทีเรียกลุ่มโคลิฟอร์มเอ็มพีเอ็น/100 มล.,    หาดป่าตอง,2542,"      < 2 - 2,400"
แบคทีเรียกลุ่มโคลิฟอร์มเอ็มพีเอ็น/100 มล.,    หาดป่าตอง,2543,"        < 2 - 2,400"
แบคทีเรียกลุ่มโคลิฟอร์มเอ็มพีเอ็น/100 มล.,    หาดป่าตอง,2544,"           7 - 9,000"
แบคทีเรียกลุ่มโคลิฟอร์มเอ็มพีเอ็น/100 มล.,    หาดป่าตอง,2545,          <2 - 2
แบคทีเรียกลุ่มโคลิฟอร์มเอ็มพีเอ็น/100 มล.,    หาดป่าตอง,2546,"<3-4,600"
แบคทีเรียกลุ่มโคลิฟอร์มเอ็มพีเอ็น/100 มล.,    หาดป่าตอง,2547,"15-4,600"
แบคทีเรียกลุ่มโคลิฟอร์มเอ็มพีเอ็น/100 มล.,    หาดป่าตอง,2548,< 2 - 540
แบคทีเรียกลุ่มโคลิฟอร์มเอ็มพีเอ็น/100 มล.,    หาดป่าตอง,2549,"< 2 - 2,400"
แบคทีเรียกลุ่มโคลิฟอร์มเอ็มพีเอ็น/100 มล.,    หาดป่าตอง,2550,"2.0 - 9,000"
แบคทีเรียกลุ่มโคลิฟอร์มเอ็มพีเอ็น/100 มล.,    หาดป่าตอง,2551,"1.8 - 16,000"
แบคทีเรียกลุ่มโคลิฟอร์มเอ็มพีเอ็น/100 มล.,    หาดป่าตอง,2552,"<1.8 - 92,000"
แบคทีเรียกลุ่มโคลิฟอร์มเอ็มพีเอ็น/100 มล.,    หาดป่าตอง,2553,"<1.8-16,000"
แบคทีเรียกลุ่มโคลิฟอร์มเอ็มพีเอ็น/100 มล.,    หาดป่าตอง,2554,"230 - 1,300"
แบคทีเรียกลุ่มโคลิฟอร์มเอ็มพีเอ็น/100 มล.,    หาดป่าตอง,2555,"33-3,300"
แบคทีเรียกลุ่มโคลิฟอร์มเอ็มพีเอ็น/100 มล.,    หาดป่าตอง,2556,"2 - 14,000"
แบคทีเรียกลุ่มโคลิฟอร์มเอ็มพีเอ็น/100 มล.,    หาดป่าตอง,2557,"<1 - 27,500"
แบคทีเรียกลุ่มโคลิฟอร์มเอ็มพีเอ็น/100 มล.,    หาดป่าตอง,2558,"12 - 13,000"
แบคทีเรียกลุ่มโคลิฟอร์มเอ็มพีเอ็น/100 มล.,    หาดกะรน  กะตะ  หาดไนยาง,2541,      < 2 - 920
แบคทีเรียกลุ่มโคลิฟอร์มเอ็มพีเอ็น/100 มล.,    หาดกะรน  กะตะ  หาดไนยาง,2542,"      < 2 - 2,400"
แบคทีเรียกลุ่มโคลิฟอร์มเอ็มพีเอ็น/100 มล.,    หาดกะรน  กะตะ  หาดไนยาง,2543,"        < 2 - 16,000"
แบคทีเรียกลุ่มโคลิฟอร์มเอ็มพีเอ็น/100 มล.,    หาดกะรน  กะตะ  หาดไนยาง,2544,           2 - 23
แบคทีเรียกลุ่มโคลิฟอร์มเอ็มพีเอ็น/100 มล.,    หาดกะรน  กะตะ  หาดไนยาง,2545,          <2 - 23
แบคทีเรียกลุ่มโคลิฟอร์มเอ็มพีเอ็น/100 มล.,    หาดกะรน  กะตะ  หาดไนยาง,2546,"<3-24,000"
แบคทีเรียกลุ่มโคลิฟอร์มเอ็มพีเอ็น/100 มล.,    หาดกะรน  กะตะ  หาดไนยาง,2547,"23-11,000"
แบคทีเรียกลุ่มโคลิฟอร์มเอ็มพีเอ็น/100 มล.,    หาดกะรน  กะตะ  หาดไนยาง,2548,< 2 - 540
แบคทีเรียกลุ่มโคลิฟอร์มเอ็มพีเอ็น/100 มล.,    หาดกะรน  กะตะ  หาดไนยาง,2549,< 2 - 130
แบคทีเรียกลุ่มโคลิฟอร์มเอ็มพีเอ็น/100 มล.,    หาดกะรน  กะตะ  หาดไนยาง,2550,2.0 - 59
แบคทีเรียกลุ่มโคลิฟอร์มเอ็มพีเอ็น/100 มล.,    หาดกะรน  กะตะ  หาดไนยาง,2551,"1.8 - 4,900"
แบคทีเรียกลุ่มโคลิฟอร์มเอ็มพีเอ็น/100 มล.,    หาดกะรน  กะตะ  หาดไนยาง,2552,<1.8 - 11
แบคทีเรียกลุ่มโคลิฟอร์มเอ็มพีเอ็น/100 มล.,    หาดกะรน  กะตะ  หาดไนยาง,2553,"<1.8-9,200"
แบคทีเรียกลุ่มโคลิฟอร์มเอ็มพีเอ็น/100 มล.,    หาดกะรน  กะตะ  หาดไนยาง,2554,230 - 790
แบคทีเรียกลุ่มโคลิฟอร์มเอ็มพีเอ็น/100 มล.,    หาดกะรน  กะตะ  หาดไนยาง,2555,<1.8-330
แบคทีเรียกลุ่มโคลิฟอร์มเอ็มพีเอ็น/100 มล.,    หาดกะรน  กะตะ  หาดไนยาง,2556,<1.8 - 17
แบคทีเรียกลุ่มโคลิฟอร์มเอ็มพีเอ็น/100 มล.,    หาดกะรน  กะตะ  หาดไนยาง,2557,<1 - 32
แบคทีเรียกลุ่มโคลิฟอร์มเอ็มพีเอ็น/100 มล.,    หาดกะรน  กะตะ  หาดไนยาง,2558,"<1.8 - 54,000"
แบคทีเรียกลุ่มโคลิฟอร์มเอ็มพีเอ็น/100 มล.,    เกาะพีพี,2541,      < 2 - 790
แบคทีเรียกลุ่มโคลิฟอร์มเอ็มพีเอ็น/100 มล.,    เกาะพีพี,2542,"          2 - 2,400"
แบคทีเรียกลุ่มโคลิฟอร์มเอ็มพีเอ็น/100 มล.,    เกาะพีพี,2543,"        < 2 - 35,000"
แบคทีเรียกลุ่มโคลิฟอร์มเอ็มพีเอ็น/100 มล.,    เกาะพีพี,2544,           2 - 140
แบคทีเรียกลุ่มโคลิฟอร์มเอ็มพีเอ็น/100 มล.,    เกาะพีพี,2545,          <2 - 110
แบคทีเรียกลุ่มโคลิฟอร์มเอ็มพีเอ็น/100 มล.,    เกาะพีพี,2546,<3-240
แบคทีเรียกลุ่มโคลิฟอร์มเอ็มพีเอ็น/100 มล.,    เกาะพีพี,2547,"<3-> 2,400"
แบคทีเรียกลุ่มโคลิฟอร์มเอ็มพีเอ็น/100 มล.,    เกาะพีพี,2548,"< 2 - 7,900"
แบคทีเรียกลุ่มโคลิฟอร์มเอ็มพีเอ็น/100 มล.,    เกาะพีพี,2549,< 2 - 240
แบคทีเรียกลุ่มโคลิฟอร์มเอ็มพีเอ็น/100 มล.,    เกาะพีพี,2550,2.0 - 900
แบคทีเรียกลุ่มโคลิฟอร์มเอ็มพีเอ็น/100 มล.,    เกาะพีพี,2551,1.8 - 2
แบคทีเรียกลุ่มโคลิฟอร์มเอ็มพีเอ็น/100 มล.,    เกาะพีพี,2552,<1.8 - 350
แบคทีเรียกลุ่มโคลิฟอร์มเอ็มพีเอ็น/100 มล.,    เกาะพีพี,2553,<1.8-540
แบคทีเรียกลุ่มโคลิฟอร์มเอ็มพีเอ็น/100 มล.,    เกาะพีพี,2554,33 - 330
แบคทีเรียกลุ่มโคลิฟอร์มเอ็มพีเอ็น/100 มล.,    เกาะพีพี,2555,"49-7,900"
แบคทีเรียกลุ่มโคลิฟอร์มเอ็มพีเอ็น/100 มล.,    เกาะพีพี,2556,6.10 - 49
แบคทีเรียกลุ่มโคลิฟอร์มเอ็มพีเอ็น/100 มล.,    เกาะพีพี,2557,<1 - 41
แบคทีเรียกลุ่มโคลิฟอร์มเอ็มพีเอ็น/100 มล.,    เกาะพีพี,2558,"<1.8 - 13,000"
แบคทีเรียกลุ่มโคลิฟอร์มเอ็มพีเอ็น/100 มล.,    ระนอง - พังงา,2541,      < 2 - 240
แบคทีเรียกลุ่มโคลิฟอร์มเอ็มพีเอ็น/100 มล.,    ระนอง - พังงา,2542,"      < 2 - 2,400"
แบคทีเรียกลุ่มโคลิฟอร์มเอ็มพีเอ็น/100 มล.,    ระนอง - พังงา,2543,"        < 2 - 9,200"
แบคทีเรียกลุ่มโคลิฟอร์มเอ็มพีเอ็น/100 มล.,    ระนอง - พังงา,2544,"           2 - 1,700"
แบคทีเรียกลุ่มโคลิฟอร์มเอ็มพีเอ็น/100 มล.,    ระนอง - พังงา,2545,          <2 - 80
แบคทีเรียกลุ่มโคลิฟอร์มเอ็มพีเอ็น/100 มล.,    ระนอง - พังงา,2546,<3-750
แบคทีเรียกลุ่มโคลิฟอร์มเอ็มพีเอ็น/100 มล.,    ระนอง - พังงา,2547,"23-> 2,400"
แบคทีเรียกลุ่มโคลิฟอร์มเอ็มพีเอ็น/100 มล.,    ระนอง - พังงา,2548,"< 2 - 4,900"
แบคทีเรียกลุ่มโคลิฟอร์มเอ็มพีเอ็น/100 มล.,    ระนอง - พังงา,2549,"< 2 - 3,300"
แบคทีเรียกลุ่มโคลิฟอร์มเอ็มพีเอ็น/100 มล.,    ระนอง - พังงา,2550,"2.0 - 7,000"
แบคทีเรียกลุ่มโคลิฟอร์มเอ็มพีเอ็น/100 มล.,    ระนอง - พังงา,2551,"1.8 - 1,600"
แบคทีเรียกลุ่มโคลิฟอร์มเอ็มพีเอ็น/100 มล.,    ระนอง - พังงา,2552,"<1.8 - 160,000"
แบคทีเรียกลุ่มโคลิฟอร์มเอ็มพีเอ็น/100 มล.,    ระนอง - พังงา,2553,"<1.8->160,000"
แบคทีเรียกลุ่มโคลิฟอร์มเอ็มพีเอ็น/100 มล.,    ระนอง - พังงา,2554,"5 - 35,000"
แบคทีเรียกลุ่มโคลิฟอร์มเอ็มพีเอ็น/100 มล.,    ระนอง - พังงา,2555,"<1.8-24,000"
แบคทีเรียกลุ่มโคลิฟอร์มเอ็มพีเอ็น/100 มล.,    ระนอง - พังงา,2556,"<1.8 - 4,900"
แบคทีเรียกลุ่มโคลิฟอร์มเอ็มพีเอ็น/100 มล.,    ระนอง - พังงา,2557,<1 - 140
แบคทีเรียกลุ่มโคลิฟอร์มเอ็มพีเอ็น/100 มล.,    ระนอง - พังงา,2558,"<1.8 - 4,900"
แบคทีเรียกลุ่มโคลิฟอร์มเอ็มพีเอ็น/100 มล.,    กระบี่ - สตูล,2541,"      < 2 - 24,000"
แบคทีเรียกลุ่มโคลิฟอร์มเอ็มพีเอ็น/100 มล.,    กระบี่ - สตูล,2542,"      < 2 - 2,400"
แบคทีเรียกลุ่มโคลิฟอร์มเอ็มพีเอ็น/100 มล.,    กระบี่ - สตูล,2543,        < 2 - 490
แบคทีเรียกลุ่มโคลิฟอร์มเอ็มพีเอ็น/100 มล.,    กระบี่ - สตูล,2544,           0 - 9
แบคทีเรียกลุ่มโคลิฟอร์มเอ็มพีเอ็น/100 มล.,    กระบี่ - สตูล,2545,<2
แบคทีเรียกลุ่มโคลิฟอร์มเอ็มพีเอ็น/100 มล.,    กระบี่ - สตูล,2546,"<3-2,400"
แบคทีเรียกลุ่มโคลิฟอร์มเอ็มพีเอ็น/100 มล.,    กระบี่ - สตูล,2547,"9-92,000"
แบคทีเรียกลุ่มโคลิฟอร์มเอ็มพีเอ็น/100 มล.,    กระบี่ - สตูล,2548,"< 2 - 24,000"
แบคทีเรียกลุ่มโคลิฟอร์มเอ็มพีเอ็น/100 มล.,    กระบี่ - สตูล,2549,"< 2 - 13,000"
แบคทีเรียกลุ่มโคลิฟอร์มเอ็มพีเอ็น/100 มล.,    กระบี่ - สตูล,2550,"2.0 - 24,000"
แบคทีเรียกลุ่มโคลิฟอร์มเอ็มพีเอ็น/100 มล.,    กระบี่ - สตูล,2551,"1.8 -35,000"
แบคทีเรียกลุ่มโคลิฟอร์มเอ็มพีเอ็น/100 มล.,    กระบี่ - สตูล,2552,"<1.8 - 35,000"
แบคทีเรียกลุ่มโคลิฟอร์มเอ็มพีเอ็น/100 มล.,    กระบี่ - สตูล,2553,"<1.8-2,400"
แบคทีเรียกลุ่มโคลิฟอร์มเอ็มพีเอ็น/100 มล.,    กระบี่ - สตูล,2554,"46 - 92,000"
แบคทีเรียกลุ่มโคลิฟอร์มเอ็มพีเอ็น/100 มล.,    กระบี่ - สตูล,2555,"<1.0-1,300"
แบคทีเรียกลุ่มโคลิฟอร์มเอ็มพีเอ็น/100 มล.,    กระบี่ - สตูล,2556," 2 - 7,900"
แบคทีเรียกลุ่มโคลิฟอร์มเอ็มพีเอ็น/100 มล.,    กระบี่ - สตูล,2557,<1
แบคทีเรียกลุ่มโคลิฟอร์มเอ็มพีเอ็น/100 มล.,    กระบี่ - สตูล,2558,"<1.8 - 2,800"
