location,คุณภาพน้ำทะเล,ปี,จำนวน,lat,lng
กระบี่ - สตูล,ปริมาณออกซิเจนละลายน้ำมก./ล.,2541,4.9 - 8.0,7.253042,99.456482
กระบี่ - สตูล,ปริมาณออกซิเจนละลายน้ำมก./ล.,2544,3.8 - 5.9,7.253042,99.456482
กระบี่ - สตูล,ปริมาณออกซิเจนละลายน้ำมก./ล.,2545,5.0 - 6.0,7.253042,99.456482
กระบี่ - สตูล,ปริมาณออกซิเจนละลายน้ำมก./ล.,2542,5.0 - 9.0,7.253042,99.456482
กระบี่ - สตูล,ปริมาณออกซิเจนละลายน้ำมก./ล.,2543,5.0 - 7.0,7.253042,99.456482
กระบี่ - สตูล,ปริมาณออกซิเจนละลายน้ำมก./ล.,2552,5.1 - 7.69,7.253042,99.456482
กระบี่ - สตูล,ปริมาณออกซิเจนละลายน้ำมก./ล.,2553,4.10-7.50,7.253042,99.456482
กระบี่ - สตูล,ปริมาณออกซิเจนละลายน้ำมก./ล.,2554,4.2 - 7.7,7.253042,99.456482
กระบี่ - สตูล,ปริมาณออกซิเจนละลายน้ำมก./ล.,2555,4.33-6.58,7.253042,99.456482
กระบี่ - สตูล,ปริมาณออกซิเจนละลายน้ำมก./ล.,2556,4.20-6.34,7.253042,99.456482
กระบี่ - สตูล,ปริมาณออกซิเจนละลายน้ำมก./ล.,2557,6.05 - 6.13,7.253042,99.456482
กระบี่ - สตูล,ปริมาณออกซิเจนละลายน้ำมก./ล.,2558,4.84 - 7.4,7.253042,99.456482
กระบี่ - สตูล,ปริมาณออกซิเจนละลายน้ำมก./ล.,2546,5.4-7,7.253042,99.456482
กระบี่ - สตูล,ปริมาณออกซิเจนละลายน้ำมก./ล.,2547,5.2-7.1,7.253042,99.456482
กระบี่ - สตูล,ปริมาณออกซิเจนละลายน้ำมก./ล.,2548,4.8 - 6.8,7.253042,99.456482
กระบี่ - สตูล,ปริมาณออกซิเจนละลายน้ำมก./ล.,2549,5.0 - 8.2,7.253042,99.456482
กระบี่ - สตูล,ปริมาณออกซิเจนละลายน้ำมก./ล.,2550,3.0 - 7.8,7.253042,99.456482
กระบี่ - สตูล,ปริมาณออกซิเจนละลายน้ำมก./ล.,2551,5.58 - 7.70,7.253042,99.456482
กระบี่ - สตูล,แบคทีเรียกลุ่มโคลิฟอร์มเอ็มพีเอ็น/100 มล.,2541,"< 2 - 24,000",7.253042,99.456482
กระบี่ - สตูล,แบคทีเรียกลุ่มโคลิฟอร์มเอ็มพีเอ็น/100 มล.,2542,"< 2 - 2,400",7.253042,99.456482
กระบี่ - สตูล,แบคทีเรียกลุ่มโคลิฟอร์มเอ็มพีเอ็น/100 มล.,2543,< 2 - 490,7.253042,99.456482
กระบี่ - สตูล,แบคทีเรียกลุ่มโคลิฟอร์มเอ็มพีเอ็น/100 มล.,2544,0 - 9,7.253042,99.456482
กระบี่ - สตูล,แบคทีเรียกลุ่มโคลิฟอร์มเอ็มพีเอ็น/100 มล.,2545,<2,7.253042,99.456482
กระบี่ - สตูล,แบคทีเรียกลุ่มโคลิฟอร์มเอ็มพีเอ็น/100 มล.,2546,"<3-2,400",7.253042,99.456482
กระบี่ - สตูล,แบคทีเรียกลุ่มโคลิฟอร์มเอ็มพีเอ็น/100 มล.,2547,"9-92,000",7.253042,99.456482
กระบี่ - สตูล,แบคทีเรียกลุ่มโคลิฟอร์มเอ็มพีเอ็น/100 มล.,2548,"< 2 - 24,000",7.253042,99.456482
กระบี่ - สตูล,แบคทีเรียกลุ่มโคลิฟอร์มเอ็มพีเอ็น/100 มล.,2549,"< 2 - 13,000",7.253042,99.456482
กระบี่ - สตูล,แบคทีเรียกลุ่มโคลิฟอร์มเอ็มพีเอ็น/100 มล.,2550,"2.0 - 24,000",7.253042,99.456482
กระบี่ - สตูล,แบคทีเรียกลุ่มโคลิฟอร์มเอ็มพีเอ็น/100 มล.,2551,"1.8 -35,000",7.253042,99.456482
กระบี่ - สตูล,แบคทีเรียกลุ่มโคลิฟอร์มเอ็มพีเอ็น/100 มล.,2552,"<1.8 - 35,000",7.253042,99.456482
กระบี่ - สตูล,แบคทีเรียกลุ่มโคลิฟอร์มเอ็มพีเอ็น/100 มล.,2553,"<1.8-2,400",7.253042,99.456482
กระบี่ - สตูล,แบคทีเรียกลุ่มโคลิฟอร์มเอ็มพีเอ็น/100 มล.,2554,"46 - 92,000",7.253042,99.456482
กระบี่ - สตูล,แบคทีเรียกลุ่มโคลิฟอร์มเอ็มพีเอ็น/100 มล.,2555,"<1.0-1,300",7.253042,99.456482
กระบี่ - สตูล,แบคทีเรียกลุ่มโคลิฟอร์มเอ็มพีเอ็น/100 มล.,2556,"2 - 7,900",7.253042,99.456482
กระบี่ - สตูล,แบคทีเรียกลุ่มโคลิฟอร์มเอ็มพีเอ็น/100 มล.,2557,<1,7.253042,99.456482
กระบี่ - สตูล,แบคทีเรียกลุ่มโคลิฟอร์มเอ็มพีเอ็น/100 มล.,2558,"<1.8 - 2,800",7.253042,99.456482
จันทบุรี - ตราด,ปริมาณออกซิเจนละลายน้ำมก./ล.,2541,3.1 - 6.4,12.374657,102.154999
จันทบุรี - ตราด,แบคทีเรียกลุ่มโคลิฟอร์มเอ็มพีเอ็น/100 มล.,2541,"< 2 - > 16,000",12.374657,102.154999
จันทบุรี - ตราด,แบคทีเรียกลุ่มโคลิฟอร์มเอ็มพีเอ็น/100 มล.,2542,"17 - > 2,400",12.374657,102.154999
จันทบุรี - ตราด,แบคทีเรียกลุ่มโคลิฟอร์มเอ็มพีเอ็น/100 มล.,2543,"< 2 - 1,300",12.374657,102.154999
จันทบุรี - ตราด,แบคทีเรียกลุ่มโคลิฟอร์มเอ็มพีเอ็น/100 มล.,2544,"2 - 9,000",12.374657,102.154999
จันทบุรี - ตราด,แบคทีเรียกลุ่มโคลิฟอร์มเอ็มพีเอ็น/100 มล.,2545,"<2 - 9,000",12.374657,102.154999
จันทบุรี - ตราด,แบคทีเรียกลุ่มโคลิฟอร์มเอ็มพีเอ็น/100 มล.,2546,"<2-16,000",12.374657,102.154999
จันทบุรี - ตราด,แบคทีเรียกลุ่มโคลิฟอร์มเอ็มพีเอ็น/100 มล.,2547,"<2-350,000",12.374657,102.154999
จันทบุรี - ตราด,แบคทีเรียกลุ่มโคลิฟอร์มเอ็มพีเอ็น/100 มล.,2548,"< 2 - 3,300",12.374657,102.154999
จันทบุรี - ตราด,แบคทีเรียกลุ่มโคลิฟอร์มเอ็มพีเอ็น/100 มล.,2549,"< 2 - 49,000",12.374657,102.154999
จันทบุรี - ตราด,แบคทีเรียกลุ่มโคลิฟอร์มเอ็มพีเอ็น/100 มล.,2550,"2 - 11,000",12.374657,102.154999
จันทบุรี - ตราด,แบคทีเรียกลุ่มโคลิฟอร์มเอ็มพีเอ็น/100 มล.,2551,"1.8 - 2,400",12.374657,102.154999
จันทบุรี - ตราด,แบคทีเรียกลุ่มโคลิฟอร์มเอ็มพีเอ็น/100 มล.,2552,"<1.8 - 160,000",12.374657,102.154999
จันทบุรี - ตราด,แบคทีเรียกลุ่มโคลิฟอร์มเอ็มพีเอ็น/100 มล.,2553,"1.8->160,000",12.374657,102.154999
จันทบุรี - ตราด,แบคทีเรียกลุ่มโคลิฟอร์มเอ็มพีเอ็น/100 มล.,2554,"<1 - >160,000",12.374657,102.154999
จันทบุรี - ตราด,แบคทีเรียกลุ่มโคลิฟอร์มเอ็มพีเอ็น/100 มล.,2555,"<1.8 -160,000",12.374657,102.154999
จันทบุรี - ตราด,แบคทีเรียกลุ่มโคลิฟอร์มเอ็มพีเอ็น/100 มล.,2556,"<1.8 - 2,800",12.374657,102.154999
จันทบุรี - ตราด,แบคทีเรียกลุ่มโคลิฟอร์มเอ็มพีเอ็น/100 มล.,2557,"<1 - 4,050",12.374657,102.154999
จันทบุรี - ตราด,แบคทีเรียกลุ่มโคลิฟอร์มเอ็มพีเอ็น/100 มล.,2558,"<1.8 - 3,300",12.374657,102.154999
จันทบุรี - ตราด,ปริมาณออกซิเจนละลายน้ำมก./ล.,2542,5.5 - 8.4,12.374657,102.154999
จันทบุรี - ตราด,ปริมาณออกซิเจนละลายน้ำมก./ล.,2543,5.5 - 9.9,12.374657,102.154999
จันทบุรี - ตราด,ปริมาณออกซิเจนละลายน้ำมก./ล.,2544,2.4 - 7.7,12.374657,102.154999
จันทบุรี - ตราด,ปริมาณออกซิเจนละลายน้ำมก./ล.,2545,5.4 - 6.8,12.374657,102.154999
จันทบุรี - ตราด,ปริมาณออกซิเจนละลายน้ำมก./ล.,2546,3.5-7.2,12.374657,102.154999
จันทบุรี - ตราด,ปริมาณออกซิเจนละลายน้ำมก./ล.,2547,5.0-8.5,12.374657,102.154999
จันทบุรี - ตราด,ปริมาณออกซิเจนละลายน้ำมก./ล.,2548,4.4 - 9.1,12.374657,102.154999
จันทบุรี - ตราด,ปริมาณออกซิเจนละลายน้ำมก./ล.,2549,4.8 - 7.7,12.374657,102.154999
จันทบุรี - ตราด,ปริมาณออกซิเจนละลายน้ำมก./ล.,2550,5.8 - 7.5,12.374657,102.154999
จันทบุรี - ตราด,ปริมาณออกซิเจนละลายน้ำมก./ล.,2551,5.72 - 6.92,12.374657,102.154999
จันทบุรี - ตราด,ปริมาณออกซิเจนละลายน้ำมก./ล.,2552,4.01 - 7.26,12.374657,102.154999
จันทบุรี - ตราด,ปริมาณออกซิเจนละลายน้ำมก./ล.,2553,3.7 - 8.00,12.374657,102.154999
จันทบุรี - ตราด,ปริมาณออกซิเจนละลายน้ำมก./ล.,2554,3.50 - 7.10,12.374657,102.154999
จันทบุรี - ตราด,ปริมาณออกซิเจนละลายน้ำมก./ล.,2555,4.30-8.40,12.374657,102.154999
จันทบุรี - ตราด,ปริมาณออกซิเจนละลายน้ำมก./ล.,2556,3.86 - 6.85,12.374657,102.154999
จันทบุรี - ตราด,ปริมาณออกซิเจนละลายน้ำมก./ล.,2557,5.52 - 8.8,12.374657,102.154999
จันทบุรี - ตราด,ปริมาณออกซิเจนละลายน้ำมก./ล.,2558,4.43 - 6.20,12.374657,102.154999
ปากน้ำระยอง,ปริมาณออกซิเจนละลายน้ำมก./ล.,2556,4.24-5.73,12.6660559,101.2598702
ปากน้ำระยอง,ปริมาณออกซิเจนละลายน้ำมก./ล.,2557,6.93 - 7.12,12.6660559,101.2598702
ปากน้ำระยอง,ปริมาณออกซิเจนละลายน้ำมก./ล.,2558,5.53 - 5.68,12.6660559,101.2598702
ปากน้ำระยอง,แบคทีเรียกลุ่มโคลิฟอร์มเอ็มพีเอ็น/100 มล.,2557,<1,12.6660559,101.2598702
ปากน้ำระยอง,แบคทีเรียกลุ่มโคลิฟอร์มเอ็มพีเอ็น/100 มล.,2558,4.5 - 790,12.6660559,101.2598702
ปากน้ำระยอง,แบคทีเรียกลุ่มโคลิฟอร์มเอ็มพีเอ็น/100 มล.,2556,34 - 79,12.6660559,101.2598702
ปากแม่น้ำประแสร์,ปริมาณออกซิเจนละลายน้ำมก./ล.,2558,5.00 - 5.28,12.6970184,101.7046295
ปากแม่น้ำประแสร์,ปริมาณออกซิเจนละลายน้ำมก./ล.,2556,3.95-5.90,12.6970184,101.7046295
ปากแม่น้ำประแสร์,ปริมาณออกซิเจนละลายน้ำมก./ล.,2557,5.95 - 6.37,12.6970184,101.7046295
ปากแม่น้ำประแสร์,แบคทีเรียกลุ่มโคลิฟอร์มเอ็มพีเอ็น/100 มล.,2556,"540 - 3,500",12.6970184,101.7046295
ปากแม่น้ำประแสร์,แบคทีเรียกลุ่มโคลิฟอร์มเอ็มพีเอ็น/100 มล.,2557,<1 - 220,12.6970184,101.7046295
ปากแม่น้ำประแสร์,แบคทีเรียกลุ่มโคลิฟอร์มเอ็มพีเอ็น/100 มล.,2558,79 - 330,12.6970184,101.7046295
ท่าเรือประมง (ตลาดบ้านเพ),ปริมาณออกซิเจนละลายน้ำมก./ล.,2558,5.35 - 5.58,12.6229835,101.4301797
ท่าเรือประมง (ตลาดบ้านเพ),แบคทีเรียกลุ่มโคลิฟอร์มเอ็มพีเอ็น/100 มล.,2557,<1 - 580,12.6229835,101.4301797
ท่าเรือประมง (ตลาดบ้านเพ),ปริมาณออกซิเจนละลายน้ำมก./ล.,2556,5.15-6.38,12.6229835,101.4301797
ท่าเรือประมง (ตลาดบ้านเพ),ปริมาณออกซิเจนละลายน้ำมก./ล.,2557,6.16 - 6.68,12.6229835,101.4301797
ท่าเรือประมง (ตลาดบ้านเพ),แบคทีเรียกลุ่มโคลิฟอร์มเอ็มพีเอ็น/100 มล.,2556,<1.8 - 14,12.6229835,101.4301797
ท่าเรือประมง (ตลาดบ้านเพ),แบคทีเรียกลุ่มโคลิฟอร์มเอ็มพีเอ็น/100 มล.,2558,2.0 - 17,12.6229835,101.4301797
นครศรีธรรมราช,ปริมาณออกซิเจนละลายน้ำมก./ล.,2541,4.1 - 6.8,8.4303975,99.9631219
นครศรีธรรมราช,ปริมาณออกซิเจนละลายน้ำมก./ล.,2544,3.5 - 7.6,8.4303975,99.9631219
นครศรีธรรมราช,ปริมาณออกซิเจนละลายน้ำมก./ล.,2545,6.0 - 7.3,8.4303975,99.9631219
นครศรีธรรมราช,ปริมาณออกซิเจนละลายน้ำมก./ล.,2542,3.2 - 7.8,8.4303975,99.9631219
นครศรีธรรมราช,ปริมาณออกซิเจนละลายน้ำมก./ล.,2543,4.3 - 9.0,8.4303975,99.9631219
นครศรีธรรมราช,แบคทีเรียกลุ่มโคลิฟอร์มเอ็มพีเอ็น/100 มล.,2541,"< 2 - 3,300",8.4303975,99.9631219
นครศรีธรรมราช,แบคทีเรียกลุ่มโคลิฟอร์มเอ็มพีเอ็น/100 มล.,2542,"< 2 - 2,400",8.4303975,99.9631219
นครศรีธรรมราช,แบคทีเรียกลุ่มโคลิฟอร์มเอ็มพีเอ็น/100 มล.,2543,"< 2 - 16,000",8.4303975,99.9631219
นครศรีธรรมราช,แบคทีเรียกลุ่มโคลิฟอร์มเอ็มพีเอ็น/100 มล.,2544,<2 - 500,8.4303975,99.9631219
นครศรีธรรมราช,แบคทีเรียกลุ่มโคลิฟอร์มเอ็มพีเอ็น/100 มล.,2545,<2 - 8,8.4303975,99.9631219
นครศรีธรรมราช,แบคทีเรียกลุ่มโคลิฟอร์มเอ็มพีเอ็น/100 มล.,2546,"<2-1,700",8.4303975,99.9631219
นครศรีธรรมราช,แบคทีเรียกลุ่มโคลิฟอร์มเอ็มพีเอ็น/100 มล.,2547,"<2-3,500",8.4303975,99.9631219
นครศรีธรรมราช,แบคทีเรียกลุ่มโคลิฟอร์มเอ็มพีเอ็น/100 มล.,2548,< 2 - 240,8.4303975,99.9631219
นครศรีธรรมราช,แบคทีเรียกลุ่มโคลิฟอร์มเอ็มพีเอ็น/100 มล.,2549,"< 2 - 24,000",8.4303975,99.9631219
นครศรีธรรมราช,แบคทีเรียกลุ่มโคลิฟอร์มเอ็มพีเอ็น/100 มล.,2550,"2.0 - 4,000",8.4303975,99.9631219
นครศรีธรรมราช,แบคทีเรียกลุ่มโคลิฟอร์มเอ็มพีเอ็น/100 มล.,2551,"1.8 - 1,600",8.4303975,99.9631219
นครศรีธรรมราช,แบคทีเรียกลุ่มโคลิฟอร์มเอ็มพีเอ็น/100 มล.,2552,"<1.8 - 5,400",8.4303975,99.9631219
นครศรีธรรมราช,แบคทีเรียกลุ่มโคลิฟอร์มเอ็มพีเอ็น/100 มล.,2553,"<1.8-3,500",8.4303975,99.9631219
นครศรีธรรมราช,แบคทีเรียกลุ่มโคลิฟอร์มเอ็มพีเอ็น/100 มล.,2554,"5 - 350,000",8.4303975,99.9631219
นครศรีธรรมราช,แบคทีเรียกลุ่มโคลิฟอร์มเอ็มพีเอ็น/100 มล.,2555,"<1.8-4,900",8.4303975,99.9631219
นครศรีธรรมราช,แบคทีเรียกลุ่มโคลิฟอร์มเอ็มพีเอ็น/100 มล.,2556,"<1.8 - 13,000",8.4303975,99.9631219
นครศรีธรรมราช,แบคทีเรียกลุ่มโคลิฟอร์มเอ็มพีเอ็น/100 มล.,2557,<1 - 84,8.4303975,99.9631219
นครศรีธรรมราช,แบคทีเรียกลุ่มโคลิฟอร์มเอ็มพีเอ็น/100 มล.,2558,"<1.8 - 1,300",8.4303975,99.9631219
นครศรีธรรมราช,ปริมาณออกซิเจนละลายน้ำมก./ล.,2555,4.50-6.50,8.4303975,99.9631219
นครศรีธรรมราช,ปริมาณออกซิเจนละลายน้ำมก./ล.,2556,4.16-6.86,8.4303975,99.9631219
นครศรีธรรมราช,ปริมาณออกซิเจนละลายน้ำมก./ล.,2557,4.81 - 6.81,8.4303975,99.9631219
นครศรีธรรมราช,ปริมาณออกซิเจนละลายน้ำมก./ล.,2558,4.7 - 6.32,8.4303975,99.9631219
นครศรีธรรมราช,ปริมาณออกซิเจนละลายน้ำมก./ล.,2546,5.6-7.4,8.4303975,99.9631219
นครศรีธรรมราช,ปริมาณออกซิเจนละลายน้ำมก./ล.,2547,4.4-8.7,8.4303975,99.9631219
นครศรีธรรมราช,ปริมาณออกซิเจนละลายน้ำมก./ล.,2548,7.9 - 8.6,8.4303975,99.9631219
นครศรีธรรมราช,ปริมาณออกซิเจนละลายน้ำมก./ล.,2549,4.9 - 7.2,8.4303975,99.9631219
นครศรีธรรมราช,ปริมาณออกซิเจนละลายน้ำมก./ล.,2550,5.1 - 8.0,8.4303975,99.9631219
นครศรีธรรมราช,ปริมาณออกซิเจนละลายน้ำมก./ล.,2551,5.14 - 7.92,8.4303975,99.9631219
นครศรีธรรมราช,ปริมาณออกซิเจนละลายน้ำมก./ล.,2552,4.73 - 7.62,8.4303975,99.9631219
นครศรีธรรมราช,ปริมาณออกซิเจนละลายน้ำมก./ล.,2553,2.70-7.80,8.4303975,99.9631219
นครศรีธรรมราช,ปริมาณออกซิเจนละลายน้ำมก./ล.,2554,3.60 - 6.50,8.4303975,99.9631219
เกาะพีพี,ปริมาณออกซิเจนละลายน้ำมก./ล.,2551,5.87 - 7.70,7.7461158,98.77841
เกาะพีพี,ปริมาณออกซิเจนละลายน้ำมก./ล.,2552,5.37 - 7.38,7.7461158,98.77841
เกาะพีพี,ปริมาณออกซิเจนละลายน้ำมก./ล.,2553,5.76-7.5,7.7461158,98.77841
เกาะพีพี,แบคทีเรียกลุ่มโคลิฟอร์มเอ็มพีเอ็น/100 มล.,2558,"<1.8 - 13,000",7.7461158,98.77841
เกาะพีพี,ปริมาณออกซิเจนละลายน้ำมก./ล.,2542,5.0 - 6.6,7.7461158,98.77841
เกาะพีพี,ปริมาณออกซิเจนละลายน้ำมก./ล.,2543,4.5 - 7.3,7.7461158,98.77841
เกาะพีพี,ปริมาณออกซิเจนละลายน้ำมก./ล.,2544,4.1 - 7.4,7.7461158,98.77841
เกาะพีพี,ปริมาณออกซิเจนละลายน้ำมก./ล.,2545,5.1 - 6.9,7.7461158,98.77841
เกาะพีพี,ปริมาณออกซิเจนละลายน้ำมก./ล.,2546,4.6-6.3,7.7461158,98.77841
เกาะพีพี,ปริมาณออกซิเจนละลายน้ำมก./ล.,2547,4.4-8.2,7.7461158,98.77841
เกาะพีพี,ปริมาณออกซิเจนละลายน้ำมก./ล.,2548,5.0 - 6.4,7.7461158,98.77841
เกาะพีพี,ปริมาณออกซิเจนละลายน้ำมก./ล.,2549,6.1 - 8.2,7.7461158,98.77841
เกาะพีพี,ปริมาณออกซิเจนละลายน้ำมก./ล.,2550,3.0 - 7.6,7.7461158,98.77841
เกาะพีพี,แบคทีเรียกลุ่มโคลิฟอร์มเอ็มพีเอ็น/100 มล.,2541,< 2 - 790,7.7461158,98.77841
เกาะพีพี,แบคทีเรียกลุ่มโคลิฟอร์มเอ็มพีเอ็น/100 มล.,2542,"2 - 2,400",7.7461158,98.77841
เกาะพีพี,แบคทีเรียกลุ่มโคลิฟอร์มเอ็มพีเอ็น/100 มล.,2543,"< 2 - 35,000",7.7461158,98.77841
เกาะพีพี,แบคทีเรียกลุ่มโคลิฟอร์มเอ็มพีเอ็น/100 มล.,2544,2 - 140,7.7461158,98.77841
เกาะพีพี,แบคทีเรียกลุ่มโคลิฟอร์มเอ็มพีเอ็น/100 มล.,2545,<2 - 110,7.7461158,98.77841
เกาะพีพี,แบคทีเรียกลุ่มโคลิฟอร์มเอ็มพีเอ็น/100 มล.,2546,<3-240,7.7461158,98.77841
เกาะพีพี,แบคทีเรียกลุ่มโคลิฟอร์มเอ็มพีเอ็น/100 มล.,2547,"<3-> 2,400",7.7461158,98.77841
เกาะพีพี,แบคทีเรียกลุ่มโคลิฟอร์มเอ็มพีเอ็น/100 มล.,2548,"< 2 - 7,900",7.7461158,98.77841
เกาะพีพี,แบคทีเรียกลุ่มโคลิฟอร์มเอ็มพีเอ็น/100 มล.,2549,< 2 - 240,7.7461158,98.77841
เกาะพีพี,แบคทีเรียกลุ่มโคลิฟอร์มเอ็มพีเอ็น/100 มล.,2550,2.0 - 900,7.7461158,98.77841
เกาะพีพี,แบคทีเรียกลุ่มโคลิฟอร์มเอ็มพีเอ็น/100 มล.,2551,1.8 - 2,7.7461158,98.77841
เกาะพีพี,แบคทีเรียกลุ่มโคลิฟอร์มเอ็มพีเอ็น/100 มล.,2552,<1.8 - 350,7.7461158,98.77841
เกาะพีพี,แบคทีเรียกลุ่มโคลิฟอร์มเอ็มพีเอ็น/100 มล.,2553,<1.8-540,7.7461158,98.77841
เกาะพีพี,แบคทีเรียกลุ่มโคลิฟอร์มเอ็มพีเอ็น/100 มล.,2554,33 - 330,7.7461158,98.77841
เกาะพีพี,แบคทีเรียกลุ่มโคลิฟอร์มเอ็มพีเอ็น/100 มล.,2555,"49-7,900",7.7461158,98.77841
เกาะพีพี,แบคทีเรียกลุ่มโคลิฟอร์มเอ็มพีเอ็น/100 มล.,2556,6.10 - 49,7.7461158,98.77841
เกาะพีพี,แบคทีเรียกลุ่มโคลิฟอร์มเอ็มพีเอ็น/100 มล.,2557,<1 - 41,7.7461158,98.77841
เกาะพีพี,ปริมาณออกซิเจนละลายน้ำมก./ล.,2541,5.3 - 6.7,7.7461158,98.77841
เกาะพีพี,ปริมาณออกซิเจนละลายน้ำมก./ล.,2555,5.06-6.05,7.7461158,98.77841
เกาะพีพี,ปริมาณออกซิเจนละลายน้ำมก./ล.,2556,5.36-6.45,7.7461158,98.77841
เกาะพีพี,ปริมาณออกซิเจนละลายน้ำมก./ล.,2557,6.00 - 6.11,7.7461158,98.77841
เกาะพีพี,ปริมาณออกซิเจนละลายน้ำมก./ล.,2558,5.1 - 6.35,7.7461158,98.77841
เกาะพีพี,ปริมาณออกซิเจนละลายน้ำมก./ล.,2554,5.8 - 7.2,7.7461158,98.77841
เกาะสมุย,ปริมาณออกซิเจนละลายน้ำมก./ล.,2541,5.1 - 6.6,9.5120168,100.0135929
เกาะสมุย,ปริมาณออกซิเจนละลายน้ำมก./ล.,2544,5.3 - 7.2,9.5120168,100.0135929
เกาะสมุย,ปริมาณออกซิเจนละลายน้ำมก./ล.,2545,6.1 - 7.7,9.5120168,100.0135929
เกาะสมุย,ปริมาณออกซิเจนละลายน้ำมก./ล.,2542,4.9 - 6.8,9.5120168,100.0135929
เกาะสมุย,ปริมาณออกซิเจนละลายน้ำมก./ล.,2543,4.2 - 7.2,9.5120168,100.0135929
เกาะสมุย,ปริมาณออกซิเจนละลายน้ำมก./ล.,2548,8.1 - 8.7,9.5120168,100.0135929
เกาะสมุย,ปริมาณออกซิเจนละลายน้ำมก./ล.,2549,5.5 - 7.3,9.5120168,100.0135929
เกาะสมุย,ปริมาณออกซิเจนละลายน้ำมก./ล.,2546,5.6-8.4,9.5120168,100.0135929
เกาะสมุย,ปริมาณออกซิเจนละลายน้ำมก./ล.,2547,5.9-7.8,9.5120168,100.0135929
เกาะสมุย,ปริมาณออกซิเจนละลายน้ำมก./ล.,2553,4.20-9.20,9.5120168,100.0135929
เกาะสมุย,ปริมาณออกซิเจนละลายน้ำมก./ล.,2554,2.88 - 9.20,9.5120168,100.0135929
เกาะสมุย,ปริมาณออกซิเจนละลายน้ำมก./ล.,2555,4.55-8.10,9.5120168,100.0135929
เกาะสมุย,ปริมาณออกซิเจนละลายน้ำมก./ล.,2556,4.45-5.62,9.5120168,100.0135929
เกาะสมุย,ปริมาณออกซิเจนละลายน้ำมก./ล.,2557,4.95 - 7.0,9.5120168,100.0135929
เกาะสมุย,ปริมาณออกซิเจนละลายน้ำมก./ล.,2558,4.42 - 5.89,9.5120168,100.0135929
เกาะสมุย,แบคทีเรียกลุ่มโคลิฟอร์มเอ็มพีเอ็น/100 มล.,2547,<2-540,9.5120168,100.0135929
เกาะสมุย,แบคทีเรียกลุ่มโคลิฟอร์มเอ็มพีเอ็น/100 มล.,2548,"< 2 - 24,000",9.5120168,100.0135929
เกาะสมุย,แบคทีเรียกลุ่มโคลิฟอร์มเอ็มพีเอ็น/100 มล.,2549,"< 2 - 2,400",9.5120168,100.0135929
เกาะสมุย,แบคทีเรียกลุ่มโคลิฟอร์มเอ็มพีเอ็น/100 มล.,2551,"1.8 - 22,000",9.5120168,100.0135929
เกาะสมุย,แบคทีเรียกลุ่มโคลิฟอร์มเอ็มพีเอ็น/100 มล.,2552,"<1.8 - 54,000",9.5120168,100.0135929
เกาะสมุย,ปริมาณออกซิเจนละลายน้ำมก./ล.,2551,5.50 - 7.59,9.5120168,100.0135929
เกาะสมุย,ปริมาณออกซิเจนละลายน้ำมก./ล.,2552,5.73 - 6.98,9.5120168,100.0135929
เกาะสมุย,แบคทีเรียกลุ่มโคลิฟอร์มเอ็มพีเอ็น/100 มล.,2541,"< 2 - 1,600",9.5120168,100.0135929
เกาะสมุย,แบคทีเรียกลุ่มโคลิฟอร์มเอ็มพีเอ็น/100 มล.,2542,"< 2 - 2,400",9.5120168,100.0135929
เกาะสมุย,แบคทีเรียกลุ่มโคลิฟอร์มเอ็มพีเอ็น/100 มล.,2543,"< 2 - 7,010",9.5120168,100.0135929
เกาะสมุย,แบคทีเรียกลุ่มโคลิฟอร์มเอ็มพีเอ็น/100 มล.,2544,2 - 170,9.5120168,100.0135929
เกาะสมุย,แบคทีเรียกลุ่มโคลิฟอร์มเอ็มพีเอ็น/100 มล.,2545,<2 - 300,9.5120168,100.0135929
เกาะสมุย,แบคทีเรียกลุ่มโคลิฟอร์มเอ็มพีเอ็น/100 มล.,2546,"<2-16,000",9.5120168,100.0135929
เกาะสมุย,แบคทีเรียกลุ่มโคลิฟอร์มเอ็มพีเอ็น/100 มล.,2556,<1.8 - 79,9.5120168,100.0135929
เกาะสมุย,แบคทีเรียกลุ่มโคลิฟอร์มเอ็มพีเอ็น/100 มล.,2553,<1.8-240,9.5120168,100.0135929
เกาะสมุย,แบคทีเรียกลุ่มโคลิฟอร์มเอ็มพีเอ็น/100 มล.,2554,"49 - 17,000",9.5120168,100.0135929
เกาะสมุย,แบคทีเรียกลุ่มโคลิฟอร์มเอ็มพีเอ็น/100 มล.,2555,"4.5-2,300",9.5120168,100.0135929
เกาะสมุย,แบคทีเรียกลุ่มโคลิฟอร์มเอ็มพีเอ็น/100 มล.,2557,<1 - 39,9.5120168,100.0135929
เกาะสมุย,แบคทีเรียกลุ่มโคลิฟอร์มเอ็มพีเอ็น/100 มล.,2558,"<1.8 - 160,000",9.5120168,100.0135929
เพชรบุรี,ปริมาณออกซิเจนละลายน้ำมก./ล.,2551,5.44 - 7.66,12.9649215,99.6425883
เพชรบุรี,ปริมาณออกซิเจนละลายน้ำมก./ล.,2552,4.12 - 7.01,12.9649215,99.6425883
เพชรบุรี,แบคทีเรียกลุ่มโคลิฟอร์มเอ็มพีเอ็น/100 มล.,2558,<1.8 - 790,12.9649215,99.6425883
เพชรบุรี,ปริมาณออกซิเจนละลายน้ำมก./ล.,2542,2.2 - 7.1,12.9649215,99.6425883
เพชรบุรี,ปริมาณออกซิเจนละลายน้ำมก./ล.,2543,6.1 - 7.8,12.9649215,99.6425883
เพชรบุรี,ปริมาณออกซิเจนละลายน้ำมก./ล.,2544,2.4 - 7.6,12.9649215,99.6425883
เพชรบุรี,ปริมาณออกซิเจนละลายน้ำมก./ล.,2545,3.4 - 7.6,12.9649215,99.6425883
เพชรบุรี,ปริมาณออกซิเจนละลายน้ำมก./ล.,2546,3.5-7.7,12.9649215,99.6425883
เพชรบุรี,ปริมาณออกซิเจนละลายน้ำมก./ล.,2547,5.0-8.3,12.9649215,99.6425883
เพชรบุรี,ปริมาณออกซิเจนละลายน้ำมก./ล.,2548,4.9 - 7.0,12.9649215,99.6425883
เพชรบุรี,ปริมาณออกซิเจนละลายน้ำมก./ล.,2549,4.0 - 8.7,12.9649215,99.6425883
เพชรบุรี,ปริมาณออกซิเจนละลายน้ำมก./ล.,2550,3.3 - 7.6,12.9649215,99.6425883
เพชรบุรี,แบคทีเรียกลุ่มโคลิฟอร์มเอ็มพีเอ็น/100 มล.,2541,"< 2 - 24,000",12.9649215,99.6425883
เพชรบุรี,แบคทีเรียกลุ่มโคลิฟอร์มเอ็มพีเอ็น/100 มล.,2542,"7 - 24,000",12.9649215,99.6425883
เพชรบุรี,แบคทีเรียกลุ่มโคลิฟอร์มเอ็มพีเอ็น/100 มล.,2543,"< 2 - 9,000",12.9649215,99.6425883
เพชรบุรี,แบคทีเรียกลุ่มโคลิฟอร์มเอ็มพีเอ็น/100 มล.,2544,"2 - 9,000",12.9649215,99.6425883
เพชรบุรี,แบคทีเรียกลุ่มโคลิฟอร์มเอ็มพีเอ็น/100 มล.,2545,"<2 - 16,000",12.9649215,99.6425883
เพชรบุรี,แบคทีเรียกลุ่มโคลิฟอร์มเอ็มพีเอ็น/100 มล.,2546,"<2-5,000",12.9649215,99.6425883
เพชรบุรี,แบคทีเรียกลุ่มโคลิฟอร์มเอ็มพีเอ็น/100 มล.,2547,"< 2-46,000",12.9649215,99.6425883
เพชรบุรี,แบคทีเรียกลุ่มโคลิฟอร์มเอ็มพีเอ็น/100 มล.,2548,"< 2 - 35,000",12.9649215,99.6425883
เพชรบุรี,แบคทีเรียกลุ่มโคลิฟอร์มเอ็มพีเอ็น/100 มล.,2549,"< 2 - 24,00",12.9649215,99.6425883
เพชรบุรี,แบคทีเรียกลุ่มโคลิฟอร์มเอ็มพีเอ็น/100 มล.,2550,"2.0 - 5,000",12.9649215,99.6425883
เพชรบุรี,แบคทีเรียกลุ่มโคลิฟอร์มเอ็มพีเอ็น/100 มล.,2551,"1.8 - 4,900",12.9649215,99.6425883
เพชรบุรี,แบคทีเรียกลุ่มโคลิฟอร์มเอ็มพีเอ็น/100 มล.,2552,"<1.8 - 160,000",12.9649215,99.6425883
เพชรบุรี,แบคทีเรียกลุ่มโคลิฟอร์มเอ็มพีเอ็น/100 มล.,2553,"<1.8-160,000",12.9649215,99.6425883
เพชรบุรี,แบคทีเรียกลุ่มโคลิฟอร์มเอ็มพีเอ็น/100 มล.,2554,"33 - 1,700",12.9649215,99.6425883
เพชรบุรี,แบคทีเรียกลุ่มโคลิฟอร์มเอ็มพีเอ็น/100 มล.,2555,"230-2,300",12.9649215,99.6425883
เพชรบุรี,แบคทีเรียกลุ่มโคลิฟอร์มเอ็มพีเอ็น/100 มล.,2556,"49 - 4,600",12.9649215,99.6425883
เพชรบุรี,แบคทีเรียกลุ่มโคลิฟอร์มเอ็มพีเอ็น/100 มล.,2557,<1 - 380,12.9649215,99.6425883
เพชรบุรี,ปริมาณออกซิเจนละลายน้ำมก./ล.,2541,2.0 - 6.8,12.9649215,99.6425883
เพชรบุรี,ปริมาณออกซิเจนละลายน้ำมก./ล.,2555,3.77-7.48,12.9649215,99.6425883
เพชรบุรี,ปริมาณออกซิเจนละลายน้ำมก./ล.,2556,2.14-3.27,12.9649215,99.6425883
เพชรบุรี,ปริมาณออกซิเจนละลายน้ำมก./ล.,2557,3.21 - 6.01,12.9649215,99.6425883
เพชรบุรี,ปริมาณออกซิเจนละลายน้ำมก./ล.,2558,1.15 - 5.91,12.9649215,99.6425883
เพชรบุรี,ปริมาณออกซิเจนละลายน้ำมก./ล.,2554,2.30 - 6.68,12.9649215,99.6425883
เพชรบุรี,ปริมาณออกซิเจนละลายน้ำมก./ล.,2553,1.5-6.67,12.9649215,99.6425883
ระนอง - พังงา,แบคทีเรียกลุ่มโคลิฟอร์มเอ็มพีเอ็น/100 มล.,2546,<3-750,9.286013,98.302917
ระนอง - พังงา,แบคทีเรียกลุ่มโคลิฟอร์มเอ็มพีเอ็น/100 มล.,2547,"23-> 2,400",9.286013,98.302917
ระนอง - พังงา,แบคทีเรียกลุ่มโคลิฟอร์มเอ็มพีเอ็น/100 มล.,2548,"< 2 - 4,900",9.286013,98.302917
ระนอง - พังงา,แบคทีเรียกลุ่มโคลิฟอร์มเอ็มพีเอ็น/100 มล.,2545,<2 - 80,9.286013,98.302917
ระนอง - พังงา,แบคทีเรียกลุ่มโคลิฟอร์มเอ็มพีเอ็น/100 มล.,2550,"2.0 - 7,000",9.286013,98.302917
ระนอง - พังงา,แบคทีเรียกลุ่มโคลิฟอร์มเอ็มพีเอ็น/100 มล.,2551,"1.8 - 1,600",9.286013,98.302917
ระนอง - พังงา,แบคทีเรียกลุ่มโคลิฟอร์มเอ็มพีเอ็น/100 มล.,2552,"<1.8 - 160,000",9.286013,98.302917
ระนอง - พังงา,แบคทีเรียกลุ่มโคลิฟอร์มเอ็มพีเอ็น/100 มล.,2549,"< 2 - 3,300",9.286013,98.302917
ระนอง - พังงา,แบคทีเรียกลุ่มโคลิฟอร์มเอ็มพีเอ็น/100 มล.,2541,< 2 - 240,9.286013,98.302917
ระนอง - พังงา,แบคทีเรียกลุ่มโคลิฟอร์มเอ็มพีเอ็น/100 มล.,2542,"< 2 - 2,400",9.286013,98.302917
ระนอง - พังงา,แบคทีเรียกลุ่มโคลิฟอร์มเอ็มพีเอ็น/100 มล.,2543,"< 2 - 9,200",9.286013,98.302917
ระนอง - พังงา,แบคทีเรียกลุ่มโคลิฟอร์มเอ็มพีเอ็น/100 มล.,2544,"2 - 1,700",9.286013,98.302917
ระนอง - พังงา,ปริมาณออกซิเจนละลายน้ำมก./ล.,2541,5.7 - 7.6,9.286013,98.302917
ระนอง - พังงา,ปริมาณออกซิเจนละลายน้ำมก./ล.,2542,6.3 - 6.9,9.286013,98.302917
ระนอง - พังงา,ปริมาณออกซิเจนละลายน้ำมก./ล.,2543,6.0 - 6.9,9.286013,98.302917
ระนอง - พังงา,ปริมาณออกซิเจนละลายน้ำมก./ล.,2544,2.1 - 7.3,9.286013,98.302917
ระนอง - พังงา,ปริมาณออกซิเจนละลายน้ำมก./ล.,2545,3.0 - 8.3,9.286013,98.302917
ระนอง - พังงา,ปริมาณออกซิเจนละลายน้ำมก./ล.,2546,6.2-6.6,9.286013,98.302917
ระนอง - พังงา,ปริมาณออกซิเจนละลายน้ำมก./ล.,2547,5.2-6.8,9.286013,98.302917
ระนอง - พังงา,ปริมาณออกซิเจนละลายน้ำมก./ล.,2548,4.0 - 6.8,9.286013,98.302917
ระนอง - พังงา,ปริมาณออกซิเจนละลายน้ำมก./ล.,2549,2.9 - 7.6,9.286013,98.302917
ระนอง - พังงา,ปริมาณออกซิเจนละลายน้ำมก./ล.,2550,3.8 - 7.7,9.286013,98.302917
ระนอง - พังงา,ปริมาณออกซิเจนละลายน้ำมก./ล.,2551,3.20 - 128.60,9.286013,98.302917
ระนอง - พังงา,ปริมาณออกซิเจนละลายน้ำมก./ล.,2552,3.88 - 6.92,9.286013,98.302917
ระนอง - พังงา,ปริมาณออกซิเจนละลายน้ำมก./ล.,2553,4.70-7.25,9.286013,98.302917
ระนอง - พังงา,ปริมาณออกซิเจนละลายน้ำมก./ล.,2554,3.27 - 7.30,9.286013,98.302917
ระนอง - พังงา,ปริมาณออกซิเจนละลายน้ำมก./ล.,2555,4.29-6.20,9.286013,98.302917
ระนอง - พังงา,ปริมาณออกซิเจนละลายน้ำมก./ล.,2556,5.71-8.28,9.286013,98.302917
ระนอง - พังงา,ปริมาณออกซิเจนละลายน้ำมก./ล.,2557,4.19 - 7.25,9.286013,98.302917
ระนอง - พังงา,ปริมาณออกซิเจนละลายน้ำมก./ล.,2558,2.05 - 7.43,9.286013,98.302917
ระนอง - พังงา,แบคทีเรียกลุ่มโคลิฟอร์มเอ็มพีเอ็น/100 มล.,2556,"<1.8 - 4,900",9.286013,98.302917
ระนอง - พังงา,แบคทีเรียกลุ่มโคลิฟอร์มเอ็มพีเอ็น/100 มล.,2553,"<1.8->160,000",9.286013,98.302917
ระนอง - พังงา,แบคทีเรียกลุ่มโคลิฟอร์มเอ็มพีเอ็น/100 มล.,2554,"5 - 35,000",9.286013,98.302917
ระนอง - พังงา,แบคทีเรียกลุ่มโคลิฟอร์มเอ็มพีเอ็น/100 มล.,2555,"<1.8-24,000",9.286013,98.302917
ระนอง - พังงา,แบคทีเรียกลุ่มโคลิฟอร์มเอ็มพีเอ็น/100 มล.,2557,<1 - 140,9.286013,98.302917
ระนอง - พังงา,แบคทีเรียกลุ่มโคลิฟอร์มเอ็มพีเอ็น/100 มล.,2558,"<1.8 - 4,900",9.286013,98.302917
แหลมแม่พิมพ์,ปริมาณออกซิเจนละลายน้ำมก./ล.,2557,6.15 - 6.23,12.6490507,101.6205738
แหลมแม่พิมพ์,แบคทีเรียกลุ่มโคลิฟอร์มเอ็มพีเอ็น/100 มล.,2557,<1,12.6490507,101.6205738
แหลมแม่พิมพ์,แบคทีเรียกลุ่มโคลิฟอร์มเอ็มพีเอ็น/100 มล.,2558,130 - 540,12.6490507,101.6205738
แหลมแม่พิมพ์,ปริมาณออกซิเจนละลายน้ำมก./ล.,2558,6.18 - 6.5,12.6490507,101.6205738
มาบตาพุด,แบคทีเรียกลุ่มโคลิฟอร์มเอ็มพีเอ็น/100 มล.,2545,<2,12.7050978,101.171274
มาบตาพุด,แบคทีเรียกลุ่มโคลิฟอร์มเอ็มพีเอ็น/100 มล.,2546,500,12.7050978,101.171274
มาบตาพุด,แบคทีเรียกลุ่มโคลิฟอร์มเอ็มพีเอ็น/100 มล.,2547,4,12.7050978,101.171274
มาบตาพุด,แบคทีเรียกลุ่มโคลิฟอร์มเอ็มพีเอ็น/100 มล.,2548,< 2,12.7050978,101.171274
มาบตาพุด,แบคทีเรียกลุ่มโคลิฟอร์มเอ็มพีเอ็น/100 มล.,2549,< 2 - 4,12.7050978,101.171274
มาบตาพุด,แบคทีเรียกลุ่มโคลิฟอร์มเอ็มพีเอ็น/100 มล.,2550,2.0 - 8.0,12.7050978,101.171274
มาบตาพุด,แบคทีเรียกลุ่มโคลิฟอร์มเอ็มพีเอ็น/100 มล.,2551,"1.8 - 1,700",12.7050978,101.171274
มาบตาพุด,แบคทีเรียกลุ่มโคลิฟอร์มเอ็มพีเอ็น/100 มล.,2552,"<1.8 - 1,600",12.7050978,101.171274
มาบตาพุด,แบคทีเรียกลุ่มโคลิฟอร์มเอ็มพีเอ็น/100 มล.,2553,<1.8-170,12.7050978,101.171274
มาบตาพุด,แบคทีเรียกลุ่มโคลิฟอร์มเอ็มพีเอ็น/100 มล.,2541,< 2 - 130,12.7050978,101.171274
มาบตาพุด,แบคทีเรียกลุ่มโคลิฟอร์มเอ็มพีเอ็น/100 มล.,2542,"< 2 - 2,400",12.7050978,101.171274
มาบตาพุด,แบคทีเรียกลุ่มโคลิฟอร์มเอ็มพีเอ็น/100 มล.,2543,"< 2 - 16,000",12.7050978,101.171274
มาบตาพุด,แบคทีเรียกลุ่มโคลิฟอร์มเอ็มพีเอ็น/100 มล.,2544,4 - 9,12.7050978,101.171274
มาบตาพุด,ปริมาณออกซิเจนละลายน้ำมก./ล.,2541,5.5 - 8.7,12.7050978,101.171274
มาบตาพุด,ปริมาณออกซิเจนละลายน้ำมก./ล.,2542,6.4 - 7.6,12.7050978,101.171274
มาบตาพุด,ปริมาณออกซิเจนละลายน้ำมก./ล.,2543,5.2 - 7.5,12.7050978,101.171274
มาบตาพุด,ปริมาณออกซิเจนละลายน้ำมก./ล.,2544,3.2 - 8.3,12.7050978,101.171274
มาบตาพุด,ปริมาณออกซิเจนละลายน้ำมก./ล.,2545,7.2,12.7050978,101.171274
มาบตาพุด,ปริมาณออกซิเจนละลายน้ำมก./ล.,2546,6,12.7050978,101.171274
มาบตาพุด,ปริมาณออกซิเจนละลายน้ำมก./ล.,2547,6.5-7.7,12.7050978,101.171274
มาบตาพุด,ปริมาณออกซิเจนละลายน้ำมก./ล.,2548,8.4 - 8.7,12.7050978,101.171274
มาบตาพุด,ปริมาณออกซิเจนละลายน้ำมก./ล.,2549,6.8 - 8.5,12.7050978,101.171274
มาบตาพุด,ปริมาณออกซิเจนละลายน้ำมก./ล.,2550,6.7 - 6.8,12.7050978,101.171274
มาบตาพุด,ปริมาณออกซิเจนละลายน้ำมก./ล.,2551,5.54 - 6.69,12.7050978,101.171274
มาบตาพุด,ปริมาณออกซิเจนละลายน้ำมก./ล.,2552,5.15 - 7.02,12.7050978,101.171274
มาบตาพุด,ปริมาณออกซิเจนละลายน้ำมก./ล.,2553,4.75-6.85,12.7050978,101.171274
มาบตาพุด,ปริมาณออกซิเจนละลายน้ำมก./ล.,2554,4.58 - 8.10,12.7050978,101.171274
มาบตาพุด,ปริมาณออกซิเจนละลายน้ำมก./ล.,2555,-,12.7050978,101.171274
มาบตาพุด,ปริมาณออกซิเจนละลายน้ำมก./ล.,2556,-,12.7050978,101.171274
มาบตาพุด,ปริมาณออกซิเจนละลายน้ำมก./ล.,2557,2.38 - 8.45,12.7050978,101.171274
มาบตาพุด,ปริมาณออกซิเจนละลายน้ำมก./ล.,2558,5.45 - 6.12,12.7050978,101.171274
มาบตาพุด,แบคทีเรียกลุ่มโคลิฟอร์มเอ็มพีเอ็น/100 มล.,2556,-,12.7050978,101.171274
มาบตาพุด,แบคทีเรียกลุ่มโคลิฟอร์มเอ็มพีเอ็น/100 มล.,2557,<1 - 29.5,12.7050978,101.171274
มาบตาพุด,แบคทีเรียกลุ่มโคลิฟอร์มเอ็มพีเอ็น/100 มล.,2554,"<1.8 - 35,000",12.7050978,101.171274
มาบตาพุด,แบคทีเรียกลุ่มโคลิฟอร์มเอ็มพีเอ็น/100 มล.,2555,-,12.7050978,101.171274
มาบตาพุด,แบคทีเรียกลุ่มโคลิฟอร์มเอ็มพีเอ็น/100 มล.,2558,"2.0 - 9,200",12.7050978,101.171274
สงขลา (หาดสมิหลา หาดสทิงพระ),แบคทีเรียกลุ่มโคลิฟอร์มเอ็มพีเอ็น/100 มล.,2541,2 - 17,7.21640288,100.5972919
สงขลา (หาดสมิหลา หาดสทิงพระ),แบคทีเรียกลุ่มโคลิฟอร์มเอ็มพีเอ็น/100 มล.,2542,< 2 - 350,7.21640288,100.5972919
สงขลา (หาดสมิหลา หาดสทิงพระ),แบคทีเรียกลุ่มโคลิฟอร์มเอ็มพีเอ็น/100 มล.,2543,< 2 - 500,7.21640288,100.5972919
สงขลา (หาดสมิหลา หาดสทิงพระ),แบคทีเรียกลุ่มโคลิฟอร์มเอ็มพีเอ็น/100 มล.,2544,<2 - 150,7.21640288,100.5972919
สงขลา (หาดสมิหลา หาดสทิงพระ),แบคทีเรียกลุ่มโคลิฟอร์มเอ็มพีเอ็น/100 มล.,2558,<1.8 - 330,7.21640288,100.5972919
สงขลา (หาดสมิหลา หาดสทิงพระ),ปริมาณออกซิเจนละลายน้ำมก./ล.,2542,6.0 - 6.9,7.21640288,100.5972919
สงขลา (หาดสมิหลา หาดสทิงพระ),ปริมาณออกซิเจนละลายน้ำมก./ล.,2543,6.3 - 7.1,7.21640288,100.5972919
สงขลา (หาดสมิหลา หาดสทิงพระ),ปริมาณออกซิเจนละลายน้ำมก./ล.,2544,5.0 - 7.7,7.21640288,100.5972919
สงขลา (หาดสมิหลา หาดสทิงพระ),ปริมาณออกซิเจนละลายน้ำมก./ล.,2545,6.1 - 6.4,7.21640288,100.5972919
สงขลา (หาดสมิหลา หาดสทิงพระ),ปริมาณออกซิเจนละลายน้ำมก./ล.,2546,5.6-6.9,7.21640288,100.5972919
สงขลา (หาดสมิหลา หาดสทิงพระ),ปริมาณออกซิเจนละลายน้ำมก./ล.,2547,6.0-7.2,7.21640288,100.5972919
สงขลา (หาดสมิหลา หาดสทิงพระ),ปริมาณออกซิเจนละลายน้ำมก./ล.,2548,8.1 - 8.9,7.21640288,100.5972919
สงขลา (หาดสมิหลา หาดสทิงพระ),ปริมาณออกซิเจนละลายน้ำมก./ล.,2549,6.3 - 10.8,7.21640288,100.5972919
สงขลา (หาดสมิหลา หาดสทิงพระ),ปริมาณออกซิเจนละลายน้ำมก./ล.,2550,6.5 - 7.5,7.21640288,100.5972919
สงขลา (หาดสมิหลา หาดสทิงพระ),ปริมาณออกซิเจนละลายน้ำมก./ล.,2551,6.14 - 7.94,7.21640288,100.5972919
สงขลา (หาดสมิหลา หาดสทิงพระ),ปริมาณออกซิเจนละลายน้ำมก./ล.,2552,6.25 - 6.68,7.21640288,100.5972919
สงขลา (หาดสมิหลา หาดสทิงพระ),ปริมาณออกซิเจนละลายน้ำมก./ล.,2553,5.71-7.10,7.21640288,100.5972919
สงขลา (หาดสมิหลา หาดสทิงพระ),ปริมาณออกซิเจนละลายน้ำมก./ล.,2554,3.90 - 7.8,7.21640288,100.5972919
สงขลา (หาดสมิหลา หาดสทิงพระ),ปริมาณออกซิเจนละลายน้ำมก./ล.,2555,4.99-6.85,7.21640288,100.5972919
สงขลา (หาดสมิหลา หาดสทิงพระ),ปริมาณออกซิเจนละลายน้ำมก./ล.,2556,5.13-5.78,7.21640288,100.5972919
สงขลา (หาดสมิหลา หาดสทิงพระ),ปริมาณออกซิเจนละลายน้ำมก./ล.,2557,5.89 - 6.67,7.21640288,100.5972919
สงขลา (หาดสมิหลา หาดสทิงพระ),ปริมาณออกซิเจนละลายน้ำมก./ล.,2558,5.75 - 8.39,7.21640288,100.5972919
สงขลา (หาดสมิหลา หาดสทิงพระ),แบคทีเรียกลุ่มโคลิฟอร์มเอ็มพีเอ็น/100 มล.,2549,< 2 - 13,7.21640288,100.5972919
สงขลา (หาดสมิหลา หาดสทิงพระ),แบคทีเรียกลุ่มโคลิฟอร์มเอ็มพีเอ็น/100 มล.,2550,2.0 - 4.0,7.21640288,100.5972919
สงขลา (หาดสมิหลา หาดสทิงพระ),แบคทีเรียกลุ่มโคลิฟอร์มเอ็มพีเอ็น/100 มล.,2551,1.8 - 30.0,7.21640288,100.5972919
สงขลา (หาดสมิหลา หาดสทิงพระ),แบคทีเรียกลุ่มโคลิฟอร์มเอ็มพีเอ็น/100 มล.,2552,<1.8 - 540,7.21640288,100.5972919
สงขลา (หาดสมิหลา หาดสทิงพระ),แบคทีเรียกลุ่มโคลิฟอร์มเอ็มพีเอ็น/100 มล.,2553,"<1.8-1,100",7.21640288,100.5972919
สงขลา (หาดสมิหลา หาดสทิงพระ),แบคทีเรียกลุ่มโคลิฟอร์มเอ็มพีเอ็น/100 มล.,2554,79 - 330,7.21640288,100.5972919
สงขลา (หาดสมิหลา หาดสทิงพระ),แบคทีเรียกลุ่มโคลิฟอร์มเอ็มพีเอ็น/100 มล.,2555,"<1.8 -2,300",7.21640288,100.5972919
สงขลา (หาดสมิหลา หาดสทิงพระ),แบคทีเรียกลุ่มโคลิฟอร์มเอ็มพีเอ็น/100 มล.,2556,33 - 130,7.21640288,100.5972919
สงขลา (หาดสมิหลา หาดสทิงพระ),แบคทีเรียกลุ่มโคลิฟอร์มเอ็มพีเอ็น/100 มล.,2557,<1,7.21640288,100.5972919
สงขลา (หาดสมิหลา หาดสทิงพระ),แบคทีเรียกลุ่มโคลิฟอร์มเอ็มพีเอ็น/100 มล.,2545,<2,7.21640288,100.5972919
สงขลา (หาดสมิหลา หาดสทิงพระ),แบคทีเรียกลุ่มโคลิฟอร์มเอ็มพีเอ็น/100 มล.,2546,<2-20,7.21640288,100.5972919
สงขลา (หาดสมิหลา หาดสทิงพระ),แบคทีเรียกลุ่มโคลิฟอร์มเอ็มพีเอ็น/100 มล.,2547,<2-43,7.21640288,100.5972919
สงขลา (หาดสมิหลา หาดสทิงพระ),แบคทีเรียกลุ่มโคลิฟอร์มเอ็มพีเอ็น/100 มล.,2548,< 2 - 240,7.21640288,100.5972919
สงขลา (หาดสมิหลา หาดสทิงพระ),ปริมาณออกซิเจนละลายน้ำมก./ล.,2541,4.2 - 6.6,7.21640288,100.5972919
ศรีราชา,แบคทีเรียกลุ่มโคลิฟอร์มเอ็มพีเอ็น/100 มล.,2545,"110 - 5,000",13.1641308,100.9216588
ศรีราชา,แบคทีเรียกลุ่มโคลิฟอร์มเอ็มพีเอ็น/100 มล.,2541,"350 - 3,300",13.1641308,100.9216588
ศรีราชา,แบคทีเรียกลุ่มโคลิฟอร์มเอ็มพีเอ็น/100 มล.,2542,"79 - 2,400",13.1641308,100.9216588
ศรีราชา,แบคทีเรียกลุ่มโคลิฟอร์มเอ็มพีเอ็น/100 มล.,2543,"4 - 11,000",13.1641308,100.9216588
ศรีราชา,แบคทีเรียกลุ่มโคลิฟอร์มเอ็มพีเอ็น/100 มล.,2544,"43 - 9,000",13.1641308,100.9216588
ศรีราชา,แบคทีเรียกลุ่มโคลิฟอร์มเอ็มพีเอ็น/100 มล.,2558,"46.0 - 2,400",13.1641308,100.9216588
ศรีราชา,ปริมาณออกซิเจนละลายน้ำมก./ล.,2542,6.5 - 7.9,13.1641308,100.9216588
ศรีราชา,ปริมาณออกซิเจนละลายน้ำมก./ล.,2543,6.6 - 8.0,13.1641308,100.9216588
ศรีราชา,ปริมาณออกซิเจนละลายน้ำมก./ล.,2544,3.4 - 6.4,13.1641308,100.9216588
ศรีราชา,ปริมาณออกซิเจนละลายน้ำมก./ล.,2545,5.8,13.1641308,100.9216588
ศรีราชา,ปริมาณออกซิเจนละลายน้ำมก./ล.,2546,5.3-5.6,13.1641308,100.9216588
ศรีราชา,ปริมาณออกซิเจนละลายน้ำมก./ล.,2547,3.3-6.9,13.1641308,100.9216588
ศรีราชา,ปริมาณออกซิเจนละลายน้ำมก./ล.,2548,8.0 - 8.5,13.1641308,100.9216588
ศรีราชา,ปริมาณออกซิเจนละลายน้ำมก./ล.,2549,7.2 - 8.5,13.1641308,100.9216588
ศรีราชา,ปริมาณออกซิเจนละลายน้ำมก./ล.,2550,5.1 - 6.9,13.1641308,100.9216588
ศรีราชา,ปริมาณออกซิเจนละลายน้ำมก./ล.,2551,5.49 - 5.8,13.1641308,100.9216588
ศรีราชา,ปริมาณออกซิเจนละลายน้ำมก./ล.,2552,4.03 - 6.055,13.1641308,100.9216588
ศรีราชา,ปริมาณออกซิเจนละลายน้ำมก./ล.,2553,4.60-5.44,13.1641308,100.9216588
ศรีราชา,ปริมาณออกซิเจนละลายน้ำมก./ล.,2554,3.74 - 7.85,13.1641308,100.9216588
ศรีราชา,ปริมาณออกซิเจนละลายน้ำมก./ล.,2555,4.92-6.57,13.1641308,100.9216588
ศรีราชา,ปริมาณออกซิเจนละลายน้ำมก./ล.,2556,2.68-5.49,13.1641308,100.9216588
ศรีราชา,ปริมาณออกซิเจนละลายน้ำมก./ล.,2557,3.75 - 7.30,13.1641308,100.9216588
ศรีราชา,ปริมาณออกซิเจนละลายน้ำมก./ล.,2558,2.64 - 5.96,13.1641308,100.9216588
ศรีราชา,แบคทีเรียกลุ่มโคลิฟอร์มเอ็มพีเอ็น/100 มล.,2549,27 - 920,13.1641308,100.9216588
ศรีราชา,แบคทีเรียกลุ่มโคลิฟอร์มเอ็มพีเอ็น/100 มล.,2550,"500 - 1,600",13.1641308,100.9216588
ศรีราชา,แบคทีเรียกลุ่มโคลิฟอร์มเอ็มพีเอ็น/100 มล.,2551,130 - 350,13.1641308,100.9216588
ศรีราชา,แบคทีเรียกลุ่มโคลิฟอร์มเอ็มพีเอ็น/100 มล.,2552,"170  - 54,000",13.1641308,100.9216588
ศรีราชา,แบคทีเรียกลุ่มโคลิฟอร์มเอ็มพีเอ็น/100 มล.,2553,"920-54,000",13.1641308,100.9216588
ศรีราชา,แบคทีเรียกลุ่มโคลิฟอร์มเอ็มพีเอ็น/100 มล.,2554,"130 - 160,000",13.1641308,100.9216588
ศรีราชา,แบคทีเรียกลุ่มโคลิฟอร์มเอ็มพีเอ็น/100 มล.,2555,"170-1,300",13.1641308,100.9216588
ศรีราชา,แบคทีเรียกลุ่มโคลิฟอร์มเอ็มพีเอ็น/100 มล.,2556,13 - 79,13.1641308,100.9216588
ศรีราชา,แบคทีเรียกลุ่มโคลิฟอร์มเอ็มพีเอ็น/100 มล.,2557,"<1 - 375,000",13.1641308,100.9216588
ศรีราชา,ปริมาณออกซิเจนละลายน้ำมก./ล.,2541,4.0 - 6.6,13.1641308,100.9216588
ศรีราชา,แบคทีเรียกลุ่มโคลิฟอร์มเอ็มพีเอ็น/100 มล.,2546,170-260,13.1641308,100.9216588
ศรีราชา,แบคทีเรียกลุ่มโคลิฟอร์มเอ็มพีเอ็น/100 มล.,2547,"<2-7,000",13.1641308,100.9216588
ศรีราชา,แบคทีเรียกลุ่มโคลิฟอร์มเอ็มพีเอ็น/100 มล.,2548,240 - 540,13.1641308,100.9216588
หาดกะรน กะตะ หาดไนยาง,แบคทีเรียกลุ่มโคลิฟอร์มเอ็มพีเอ็น/100 มล.,2546,"<3-24,000",7.8438991,98.2936186
หาดกะรน กะตะ หาดไนยาง,แบคทีเรียกลุ่มโคลิฟอร์มเอ็มพีเอ็น/100 มล.,2547,"23-11,000",7.8438991,98.2936186
หาดกะรน กะตะ หาดไนยาง,แบคทีเรียกลุ่มโคลิฟอร์มเอ็มพีเอ็น/100 มล.,2548,< 2 - 540,7.8438991,98.2936186
หาดกะรน กะตะ หาดไนยาง,แบคทีเรียกลุ่มโคลิฟอร์มเอ็มพีเอ็น/100 มล.,2545,<2 - 23,7.8438991,98.2936186
หาดกะรน กะตะ หาดไนยาง,แบคทีเรียกลุ่มโคลิฟอร์มเอ็มพีเอ็น/100 มล.,2541,< 2 - 920,7.8438991,98.2936186
หาดกะรน กะตะ หาดไนยาง,แบคทีเรียกลุ่มโคลิฟอร์มเอ็มพีเอ็น/100 มล.,2542,"< 2 - 2,400",7.8438991,98.2936186
หาดกะรน กะตะ หาดไนยาง,แบคทีเรียกลุ่มโคลิฟอร์มเอ็มพีเอ็น/100 มล.,2543,"< 2 - 16,000",7.8438991,98.2936186
หาดกะรน กะตะ หาดไนยาง,แบคทีเรียกลุ่มโคลิฟอร์มเอ็มพีเอ็น/100 มล.,2544,2 - 23,7.8438991,98.2936186
หาดกะรน กะตะ หาดไนยาง,แบคทีเรียกลุ่มโคลิฟอร์มเอ็มพีเอ็น/100 มล.,2558,"<1.8 - 54,000",7.8438991,98.2936186
หาดกะรน กะตะ หาดไนยาง,ปริมาณออกซิเจนละลายน้ำมก./ล.,2542,5.5 - 7.2,7.8438991,98.2936186
หาดกะรน กะตะ หาดไนยาง,ปริมาณออกซิเจนละลายน้ำมก./ล.,2543,5.9 - 6.5,7.8438991,98.2936186
หาดกะรน กะตะ หาดไนยาง,ปริมาณออกซิเจนละลายน้ำมก./ล.,2544,3.9 - 7.7,7.8438991,98.2936186
หาดกะรน กะตะ หาดไนยาง,ปริมาณออกซิเจนละลายน้ำมก./ล.,2545,5.3 - 8.0,7.8438991,98.2936186
หาดกะรน กะตะ หาดไนยาง,ปริมาณออกซิเจนละลายน้ำมก./ล.,2546,6.4-6.6,7.8438991,98.2936186
หาดกะรน กะตะ หาดไนยาง,ปริมาณออกซิเจนละลายน้ำมก./ล.,2547,4.0-6.8,7.8438991,98.2936186
หาดกะรน กะตะ หาดไนยาง,ปริมาณออกซิเจนละลายน้ำมก./ล.,2548,4.7 - 7.0,7.8438991,98.2936186
หาดกะรน กะตะ หาดไนยาง,ปริมาณออกซิเจนละลายน้ำมก./ล.,2549,6.6 - 7.5,7.8438991,98.2936186
หาดกะรน กะตะ หาดไนยาง,ปริมาณออกซิเจนละลายน้ำมก./ล.,2550,6.4 - 12.1,7.8438991,98.2936186
หาดกะรน กะตะ หาดไนยาง,ปริมาณออกซิเจนละลายน้ำมก./ล.,2551,6.36 - 7.54,7.8438991,98.2936186
หาดกะรน กะตะ หาดไนยาง,ปริมาณออกซิเจนละลายน้ำมก./ล.,2552,6.21 - 6.92,7.8438991,98.2936186
หาดกะรน กะตะ หาดไนยาง,ปริมาณออกซิเจนละลายน้ำมก./ล.,2553,6.09-6.96,7.8438991,98.2936186
หาดกะรน กะตะ หาดไนยาง,ปริมาณออกซิเจนละลายน้ำมก./ล.,2554,6.3 - 7.2,7.8438991,98.2936186
หาดกะรน กะตะ หาดไนยาง,ปริมาณออกซิเจนละลายน้ำมก./ล.,2555,5.35-6.06,7.8438991,98.2936186
หาดกะรน กะตะ หาดไนยาง,ปริมาณออกซิเจนละลายน้ำมก./ล.,2556,5.09-7.33,7.8438991,98.2936186
หาดกะรน กะตะ หาดไนยาง,ปริมาณออกซิเจนละลายน้ำมก./ล.,2557,4.05 - 6.55,7.8438991,98.2936186
หาดกะรน กะตะ หาดไนยาง,ปริมาณออกซิเจนละลายน้ำมก./ล.,2558,5.7 - 9.97,7.8438991,98.2936186
หาดกะรน กะตะ หาดไนยาง,แบคทีเรียกลุ่มโคลิฟอร์มเอ็มพีเอ็น/100 มล.,2549,< 2 - 130,7.8438991,98.2936186
หาดกะรน กะตะ หาดไนยาง,แบคทีเรียกลุ่มโคลิฟอร์มเอ็มพีเอ็น/100 มล.,2550,2.0 - 59,7.8438991,98.2936186
หาดกะรน กะตะ หาดไนยาง,แบคทีเรียกลุ่มโคลิฟอร์มเอ็มพีเอ็น/100 มล.,2551,"1.8 - 4,900",7.8438991,98.2936186
หาดกะรน กะตะ หาดไนยาง,แบคทีเรียกลุ่มโคลิฟอร์มเอ็มพีเอ็น/100 มล.,2552,<1.8 - 11,7.8438991,98.2936186
หาดกะรน กะตะ หาดไนยาง,แบคทีเรียกลุ่มโคลิฟอร์มเอ็มพีเอ็น/100 มล.,2553,"<1.8-9,200",7.8438991,98.2936186
หาดกะรน กะตะ หาดไนยาง,แบคทีเรียกลุ่มโคลิฟอร์มเอ็มพีเอ็น/100 มล.,2554,230 - 790,7.8438991,98.2936186
หาดกะรน กะตะ หาดไนยาง,แบคทีเรียกลุ่มโคลิฟอร์มเอ็มพีเอ็น/100 มล.,2555,<1.8-330,7.8438991,98.2936186
หาดกะรน กะตะ หาดไนยาง,แบคทีเรียกลุ่มโคลิฟอร์มเอ็มพีเอ็น/100 มล.,2556,<1.8 - 17,7.8438991,98.2936186
หาดกะรน กะตะ หาดไนยาง,แบคทีเรียกลุ่มโคลิฟอร์มเอ็มพีเอ็น/100 มล.,2557,<1 - 32,7.8438991,98.2936186
หาดกะรน กะตะ หาดไนยาง,ปริมาณออกซิเจนละลายน้ำมก./ล.,2541,5.4 - 7.6,7.8438991,98.2936186
หาดจอมเทียน,แบคทีเรียกลุ่มโคลิฟอร์มเอ็มพีเอ็น/100 มล.,2558,79.0 - 540,12.8890915,100.8735725
หาดจอมเทียน,ปริมาณออกซิเจนละลายน้ำมก./ล.,2551,6.2 - 6.85,12.8890915,100.8735725
หาดจอมเทียน,ปริมาณออกซิเจนละลายน้ำมก./ล.,2552,5.55 - 7.21,12.8890915,100.8735725
หาดจอมเทียน,ปริมาณออกซิเจนละลายน้ำมก./ล.,2553,3.73-6.43,12.8890915,100.8735725
หาดจอมเทียน,ปริมาณออกซิเจนละลายน้ำมก./ล.,2554,5.05 - 5.60,12.8890915,100.8735725
หาดจอมเทียน,ปริมาณออกซิเจนละลายน้ำมก./ล.,2542,6.4 - 6.8,12.8890915,100.8735725
หาดจอมเทียน,ปริมาณออกซิเจนละลายน้ำมก./ล.,2543,6.0 - 6.7,12.8890915,100.8735725
หาดจอมเทียน,ปริมาณออกซิเจนละลายน้ำมก./ล.,2544,3.6 - 4.8,12.8890915,100.8735725
หาดจอมเทียน,ปริมาณออกซิเจนละลายน้ำมก./ล.,2545,6.6 - 7.1,12.8890915,100.8735725
หาดจอมเทียน,ปริมาณออกซิเจนละลายน้ำมก./ล.,2546,6.1,12.8890915,100.8735725
หาดจอมเทียน,ปริมาณออกซิเจนละลายน้ำมก./ล.,2547,6.2-8.3,12.8890915,100.8735725
หาดจอมเทียน,ปริมาณออกซิเจนละลายน้ำมก./ล.,2548,8.3 - 8.5,12.8890915,100.8735725
หาดจอมเทียน,ปริมาณออกซิเจนละลายน้ำมก./ล.,2549,6.2 - 6.9,12.8890915,100.8735725
หาดจอมเทียน,ปริมาณออกซิเจนละลายน้ำมก./ล.,2550,6.3 - 8.0,12.8890915,100.8735725
หาดจอมเทียน,แบคทีเรียกลุ่มโคลิฟอร์มเอ็มพีเอ็น/100 มล.,2541,< 2 - 33,12.8890915,100.8735725
หาดจอมเทียน,แบคทีเรียกลุ่มโคลิฟอร์มเอ็มพีเอ็น/100 มล.,2542,2 - 920,12.8890915,100.8735725
หาดจอมเทียน,แบคทีเรียกลุ่มโคลิฟอร์มเอ็มพีเอ็น/100 มล.,2543,< 2 - 500,12.8890915,100.8735725
หาดจอมเทียน,แบคทีเรียกลุ่มโคลิฟอร์มเอ็มพีเอ็น/100 มล.,2544,2 - 220,12.8890915,100.8735725
หาดจอมเทียน,แบคทีเรียกลุ่มโคลิฟอร์มเอ็มพีเอ็น/100 มล.,2545,<2 - 2,12.8890915,100.8735725
หาดจอมเทียน,แบคทีเรียกลุ่มโคลิฟอร์มเอ็มพีเอ็น/100 มล.,2546,<2,12.8890915,100.8735725
หาดจอมเทียน,แบคทีเรียกลุ่มโคลิฟอร์มเอ็มพีเอ็น/100 มล.,2547,<2-9,12.8890915,100.8735725
หาดจอมเทียน,แบคทีเรียกลุ่มโคลิฟอร์มเอ็มพีเอ็น/100 มล.,2548,< 2 - 24,12.8890915,100.8735725
หาดจอมเทียน,แบคทีเรียกลุ่มโคลิฟอร์มเอ็มพีเอ็น/100 มล.,2549,< 2 - 240,12.8890915,100.8735725
หาดจอมเทียน,แบคทีเรียกลุ่มโคลิฟอร์มเอ็มพีเอ็น/100 มล.,2550,13 - 170,12.8890915,100.8735725
หาดจอมเทียน,แบคทีเรียกลุ่มโคลิฟอร์มเอ็มพีเอ็น/100 มล.,2551,1.8 -79,12.8890915,100.8735725
หาดจอมเทียน,แบคทีเรียกลุ่มโคลิฟอร์มเอ็มพีเอ็น/100 มล.,2552,"<1.8 - 2,600",12.8890915,100.8735725
หาดจอมเทียน,แบคทีเรียกลุ่มโคลิฟอร์มเอ็มพีเอ็น/100 มล.,2553,4.5-130,12.8890915,100.8735725
หาดจอมเทียน,แบคทีเรียกลุ่มโคลิฟอร์มเอ็มพีเอ็น/100 มล.,2554,"3,300 - 35,000",12.8890915,100.8735725
หาดจอมเทียน,แบคทีเรียกลุ่มโคลิฟอร์มเอ็มพีเอ็น/100 มล.,2555,330 - 490,12.8890915,100.8735725
หาดจอมเทียน,แบคทีเรียกลุ่มโคลิฟอร์มเอ็มพีเอ็น/100 มล.,2556,-,12.8890915,100.8735725
หาดจอมเทียน,แบคทีเรียกลุ่มโคลิฟอร์มเอ็มพีเอ็น/100 มล.,2557,<1 - 315,12.8890915,100.8735725
หาดจอมเทียน,ปริมาณออกซิเจนละลายน้ำมก./ล.,2541,5.3 - 6.6,12.8890915,100.8735725
หาดจอมเทียน,ปริมาณออกซิเจนละลายน้ำมก./ล.,2555,4.48-5.77,12.8890915,100.8735725
หาดจอมเทียน,ปริมาณออกซิเจนละลายน้ำมก./ล.,2556,-,12.8890915,100.8735725
หาดจอมเทียน,ปริมาณออกซิเจนละลายน้ำมก./ล.,2557,5.31 - 6.55,12.8890915,100.8735725
หาดจอมเทียน,ปริมาณออกซิเจนละลายน้ำมก./ล.,2558,4.72 - 4.79,12.8890915,100.8735725
หาดป่าตอง,แบคทีเรียกลุ่มโคลิฟอร์มเอ็มพีเอ็น/100 มล.,2558,"12 - 13,000",7.8961957,98.2954147
หาดป่าตอง,ปริมาณออกซิเจนละลายน้ำมก./ล.,2543,5.9 - 6.7,7.8961957,98.2954147
หาดป่าตอง,ปริมาณออกซิเจนละลายน้ำมก./ล.,2544,3.9 - 5.0,7.8961957,98.2954147
หาดป่าตอง,ปริมาณออกซิเจนละลายน้ำมก./ล.,2545,4.5 - 5.0,7.8961957,98.2954147
หาดป่าตอง,ปริมาณออกซิเจนละลายน้ำมก./ล.,2542,4.0 - 6.8,7.8961957,98.2954147
หาดป่าตอง,ปริมาณออกซิเจนละลายน้ำมก./ล.,2547,5.3-7.2,7.8961957,98.2954147
หาดป่าตอง,ปริมาณออกซิเจนละลายน้ำมก./ล.,2548,4.8 - 7.4,7.8961957,98.2954147
หาดป่าตอง,ปริมาณออกซิเจนละลายน้ำมก./ล.,2549,6.5 - 8.3,7.8961957,98.2954147
หาดป่าตอง,ปริมาณออกซิเจนละลายน้ำมก./ล.,2546,6.4-11,7.8961957,98.2954147
หาดป่าตอง,แบคทีเรียกลุ่มโคลิฟอร์มเอ็มพีเอ็น/100 มล.,2541,"< 2 - 3,900",7.8961957,98.2954147
หาดป่าตอง,แบคทีเรียกลุ่มโคลิฟอร์มเอ็มพีเอ็น/100 มล.,2542,"< 2 - 2,400",7.8961957,98.2954147
หาดป่าตอง,แบคทีเรียกลุ่มโคลิฟอร์มเอ็มพีเอ็น/100 มล.,2543,"< 2 - 2,400",7.8961957,98.2954147
หาดป่าตอง,แบคทีเรียกลุ่มโคลิฟอร์มเอ็มพีเอ็น/100 มล.,2544,"7 - 9,000",7.8961957,98.2954147
หาดป่าตอง,แบคทีเรียกลุ่มโคลิฟอร์มเอ็มพีเอ็น/100 มล.,2545,<2 - 2,7.8961957,98.2954147
หาดป่าตอง,แบคทีเรียกลุ่มโคลิฟอร์มเอ็มพีเอ็น/100 มล.,2546,"<3-4,600",7.8961957,98.2954147
หาดป่าตอง,แบคทีเรียกลุ่มโคลิฟอร์มเอ็มพีเอ็น/100 มล.,2547,"15-4,600",7.8961957,98.2954147
หาดป่าตอง,แบคทีเรียกลุ่มโคลิฟอร์มเอ็มพีเอ็น/100 มล.,2548,< 2 - 540,7.8961957,98.2954147
หาดป่าตอง,แบคทีเรียกลุ่มโคลิฟอร์มเอ็มพีเอ็น/100 มล.,2549,"< 2 - 2,400",7.8961957,98.2954147
หาดป่าตอง,แบคทีเรียกลุ่มโคลิฟอร์มเอ็มพีเอ็น/100 มล.,2550,"2.0 - 9,000",7.8961957,98.2954147
หาดป่าตอง,แบคทีเรียกลุ่มโคลิฟอร์มเอ็มพีเอ็น/100 มล.,2551,"1.8 - 16,000",7.8961957,98.2954147
หาดป่าตอง,แบคทีเรียกลุ่มโคลิฟอร์มเอ็มพีเอ็น/100 มล.,2552,"<1.8 - 92,000",7.8961957,98.2954147
หาดป่าตอง,แบคทีเรียกลุ่มโคลิฟอร์มเอ็มพีเอ็น/100 มล.,2553,"<1.8-16,000",7.8961957,98.2954147
หาดป่าตอง,แบคทีเรียกลุ่มโคลิฟอร์มเอ็มพีเอ็น/100 มล.,2554,"230 - 1,300",7.8961957,98.2954147
หาดป่าตอง,แบคทีเรียกลุ่มโคลิฟอร์มเอ็มพีเอ็น/100 มล.,2555,"33-3,300",7.8961957,98.2954147
หาดป่าตอง,แบคทีเรียกลุ่มโคลิฟอร์มเอ็มพีเอ็น/100 มล.,2556,"2 - 14,000",7.8961957,98.2954147
หาดป่าตอง,แบคทีเรียกลุ่มโคลิฟอร์มเอ็มพีเอ็น/100 มล.,2557,"<1 - 27,500",7.8961957,98.2954147
หาดป่าตอง,ปริมาณออกซิเจนละลายน้ำมก./ล.,2541,5.0 - 7.2,7.8961957,98.2954147
หาดป่าตอง,ปริมาณออกซิเจนละลายน้ำมก./ล.,2555,5.25-5.90,7.8961957,98.2954147
หาดป่าตอง,ปริมาณออกซิเจนละลายน้ำมก./ล.,2556,5.63-6.53,7.8961957,98.2954147
หาดป่าตอง,ปริมาณออกซิเจนละลายน้ำมก./ล.,2557,5.51 - 7.89,7.8961957,98.2954147
หาดป่าตอง,ปริมาณออกซิเจนละลายน้ำมก./ล.,2558,5.6 - 8.42,7.8961957,98.2954147
หาดป่าตอง,ปริมาณออกซิเจนละลายน้ำมก./ล.,2550,6.6 - 8.7,7.8961957,98.2954147
หาดป่าตอง,ปริมาณออกซิเจนละลายน้ำมก./ล.,2551,6.18 - 7.03,7.8961957,98.2954147
หาดป่าตอง,ปริมาณออกซิเจนละลายน้ำมก./ล.,2552,6.13 - 6.7,7.8961957,98.2954147
หาดป่าตอง,ปริมาณออกซิเจนละลายน้ำมก./ล.,2553,6.17-7.37,7.8961957,98.2954147
หาดป่าตอง,ปริมาณออกซิเจนละลายน้ำมก./ล.,2554,6.0 - 6.7,7.8961957,98.2954147
หาดพัทยา,แบคทีเรียกลุ่มโคลิฟอร์มเอ็มพีเอ็น/100 มล.,2545,<2 - 2,12.969526,100.8848028
หาดพัทยา,แบคทีเรียกลุ่มโคลิฟอร์มเอ็มพีเอ็น/100 มล.,2546,<2-70,12.969526,100.8848028
หาดพัทยา,แบคทีเรียกลุ่มโคลิฟอร์มเอ็มพีเอ็น/100 มล.,2547,"23-2,400",12.969526,100.8848028
หาดพัทยา,แบคทีเรียกลุ่มโคลิฟอร์มเอ็มพีเอ็น/100 มล.,2548,"< 2 - 4,900",12.969526,100.8848028
หาดพัทยา,แบคทีเรียกลุ่มโคลิฟอร์มเอ็มพีเอ็น/100 มล.,2549,"4 - 2,400",12.969526,100.8848028
หาดพัทยา,แบคทีเรียกลุ่มโคลิฟอร์มเอ็มพีเอ็น/100 มล.,2541,< 2 - 2,12.969526,100.8848028
หาดพัทยา,แบคทีเรียกลุ่มโคลิฟอร์มเอ็มพีเอ็น/100 มล.,2542,"13 - 2,400",12.969526,100.8848028
หาดพัทยา,แบคทีเรียกลุ่มโคลิฟอร์มเอ็มพีเอ็น/100 มล.,2543,"< 2 - 16,000",12.969526,100.8848028
หาดพัทยา,แบคทีเรียกลุ่มโคลิฟอร์มเอ็มพีเอ็น/100 มล.,2544,2 - 26,12.969526,100.8848028
หาดพัทยา,แบคทีเรียกลุ่มโคลิฟอร์มเอ็มพีเอ็น/100 มล.,2558,"2.0 - 1,300",12.969526,100.8848028
หาดพัทยา,ปริมาณออกซิเจนละลายน้ำมก./ล.,2542,6.7 - 7.4,12.969526,100.8848028
หาดพัทยา,ปริมาณออกซิเจนละลายน้ำมก./ล.,2543,6.1 - 7.0,12.969526,100.8848028
หาดพัทยา,ปริมาณออกซิเจนละลายน้ำมก./ล.,2544,4.0 - 6.0,12.969526,100.8848028
หาดพัทยา,ปริมาณออกซิเจนละลายน้ำมก./ล.,2545,6.3 - 6.5,12.969526,100.8848028
หาดพัทยา,ปริมาณออกซิเจนละลายน้ำมก./ล.,2546,5.3-7.9,12.969526,100.8848028
หาดพัทยา,ปริมาณออกซิเจนละลายน้ำมก./ล.,2547,5.4-6.9,12.969526,100.8848028
หาดพัทยา,ปริมาณออกซิเจนละลายน้ำมก./ล.,2548,8.0 - 8.7,12.969526,100.8848028
หาดพัทยา,ปริมาณออกซิเจนละลายน้ำมก./ล.,2549,5.7 - 7.5,12.969526,100.8848028
หาดพัทยา,ปริมาณออกซิเจนละลายน้ำมก./ล.,2550,5.8 - 7.6,12.969526,100.8848028
หาดพัทยา,ปริมาณออกซิเจนละลายน้ำมก./ล.,2551,5.3 - 6.81,12.969526,100.8848028
หาดพัทยา,ปริมาณออกซิเจนละลายน้ำมก./ล.,2552,5.64 - 6.59,12.969526,100.8848028
หาดพัทยา,ปริมาณออกซิเจนละลายน้ำมก./ล.,2553,3.70-5.74,12.969526,100.8848028
หาดพัทยา,ปริมาณออกซิเจนละลายน้ำมก./ล.,2554,3.97 - 5.53,12.969526,100.8848028
หาดพัทยา,ปริมาณออกซิเจนละลายน้ำมก./ล.,2555,5.19-6.42,12.969526,100.8848028
หาดพัทยา,ปริมาณออกซิเจนละลายน้ำมก./ล.,2556,3.68-4.61,12.969526,100.8848028
หาดพัทยา,ปริมาณออกซิเจนละลายน้ำมก./ล.,2557,5.81 - 6.59,12.969526,100.8848028
หาดพัทยา,ปริมาณออกซิเจนละลายน้ำมก./ล.,2558,4.26 - 5.41,12.969526,100.8848028
หาดพัทยา,แบคทีเรียกลุ่มโคลิฟอร์มเอ็มพีเอ็น/100 มล.,2553,"<1.8-1,300",12.969526,100.8848028
หาดพัทยา,แบคทีเรียกลุ่มโคลิฟอร์มเอ็มพีเอ็น/100 มล.,2550,23 - 900,12.969526,100.8848028
หาดพัทยา,แบคทีเรียกลุ่มโคลิฟอร์มเอ็มพีเอ็น/100 มล.,2551,1.8 - 920,12.969526,100.8848028
หาดพัทยา,แบคทีเรียกลุ่มโคลิฟอร์มเอ็มพีเอ็น/100 มล.,2552,2 - 450,12.969526,100.8848028
หาดพัทยา,แบคทีเรียกลุ่มโคลิฟอร์มเอ็มพีเอ็น/100 มล.,2557,<1 - 7,12.969526,100.8848028
หาดพัทยา,แบคทีเรียกลุ่มโคลิฟอร์มเอ็มพีเอ็น/100 มล.,2554,"130 - 13,000",12.969526,100.8848028
หาดพัทยา,แบคทีเรียกลุ่มโคลิฟอร์มเอ็มพีเอ็น/100 มล.,2555,12-790,12.969526,100.8848028
หาดพัทยา,แบคทีเรียกลุ่มโคลิฟอร์มเอ็มพีเอ็น/100 มล.,2556,1.8 - 540,12.969526,100.8848028
หาดพัทยา,ปริมาณออกซิเจนละลายน้ำมก./ล.,2541,5.2 - 6.7,12.969526,100.8848028
หาดแม่รำพึง - แหลมแม่พิมพ์,ปริมาณออกซิเจนละลายน้ำมก./ล.,2541,3.5 - 5.7,12.6490507,101.6205738
หาดแม่รำพึง - แหลมแม่พิมพ์,ปริมาณออกซิเจนละลายน้ำมก./ล.,2542,5.4 - 13.1,12.6490507,101.6205738
หาดแม่รำพึง - แหลมแม่พิมพ์,ปริมาณออกซิเจนละลายน้ำมก./ล.,2544,2.7 - 6.7,12.6490507,101.6205738
หาดแม่รำพึง - แหลมแม่พิมพ์,ปริมาณออกซิเจนละลายน้ำมก./ล.,2545,6.4 - 6.8,12.6490507,101.6205738
หาดแม่รำพึง - แหลมแม่พิมพ์,ปริมาณออกซิเจนละลายน้ำมก./ล.,2546,6.1,12.6490507,101.6205738
หาดแม่รำพึง - แหลมแม่พิมพ์,ปริมาณออกซิเจนละลายน้ำมก./ล.,2543,4.1 - 8.1,12.6490507,101.6205738
หาดแม่รำพึง - แหลมแม่พิมพ์,ปริมาณออกซิเจนละลายน้ำมก./ล.,2552,5.83 - 6.64,12.6490507,101.6205738
หาดแม่รำพึง - แหลมแม่พิมพ์,ปริมาณออกซิเจนละลายน้ำมก./ล.,2553,3.70-6.70,12.6490507,101.6205738
หาดแม่รำพึง - แหลมแม่พิมพ์,ปริมาณออกซิเจนละลายน้ำมก./ล.,2554,4.97 - 7.51,12.6490507,101.6205738
หาดแม่รำพึง - แหลมแม่พิมพ์,ปริมาณออกซิเจนละลายน้ำมก./ล.,2555,4.56-6.83,12.6490507,101.6205738
หาดแม่รำพึง - แหลมแม่พิมพ์,ปริมาณออกซิเจนละลายน้ำมก./ล.,2556,4.46,12.6490507,101.6205738
หาดแม่รำพึง - แหลมแม่พิมพ์,ปริมาณออกซิเจนละลายน้ำมก./ล.,2557,6.16 - 7.00,12.6490507,101.6205738
หาดแม่รำพึง - แหลมแม่พิมพ์,ปริมาณออกซิเจนละลายน้ำมก./ล.,2558,5.53 - 6.26,12.6490507,101.6205738
หาดแม่รำพึง - แหลมแม่พิมพ์,แบคทีเรียกลุ่มโคลิฟอร์มเอ็มพีเอ็น/100 มล.,2548,"< 2 - 4,900",12.6490507,101.6205738
หาดแม่รำพึง - แหลมแม่พิมพ์,ปริมาณออกซิเจนละลายน้ำมก./ล.,2547,6.0-7.1,12.6490507,101.6205738
หาดแม่รำพึง - แหลมแม่พิมพ์,ปริมาณออกซิเจนละลายน้ำมก./ล.,2548,6.3 - 8.6,12.6490507,101.6205738
หาดแม่รำพึง - แหลมแม่พิมพ์,ปริมาณออกซิเจนละลายน้ำมก./ล.,2549,6.3 - 7.6,12.6490507,101.6205738
หาดแม่รำพึง - แหลมแม่พิมพ์,ปริมาณออกซิเจนละลายน้ำมก./ล.,2550,6.2 - 7.9,12.6490507,101.6205738
หาดแม่รำพึง - แหลมแม่พิมพ์,ปริมาณออกซิเจนละลายน้ำมก./ล.,2551,6.0 - 6.79,12.6490507,101.6205738
หาดแม่รำพึง - แหลมแม่พิมพ์,แบคทีเรียกลุ่มโคลิฟอร์มเอ็มพีเอ็น/100 มล.,2541,< 2 - 170,12.6490507,101.6205738
หาดแม่รำพึง - แหลมแม่พิมพ์,แบคทีเรียกลุ่มโคลิฟอร์มเอ็มพีเอ็น/100 มล.,2542,"< 2 - >2,400",12.6490507,101.6205738
หาดแม่รำพึง - แหลมแม่พิมพ์,แบคทีเรียกลุ่มโคลิฟอร์มเอ็มพีเอ็น/100 มล.,2543,"< 2 - 2,800",12.6490507,101.6205738
หาดแม่รำพึง - แหลมแม่พิมพ์,แบคทีเรียกลุ่มโคลิฟอร์มเอ็มพีเอ็น/100 มล.,2544,2 - 17,12.6490507,101.6205738
หาดแม่รำพึง - แหลมแม่พิมพ์,แบคทีเรียกลุ่มโคลิฟอร์มเอ็มพีเอ็น/100 มล.,2545,<2,12.6490507,101.6205738
หาดแม่รำพึง - แหลมแม่พิมพ์,แบคทีเรียกลุ่มโคลิฟอร์มเอ็มพีเอ็น/100 มล.,2546,<2-130,12.6490507,101.6205738
หาดแม่รำพึง - แหลมแม่พิมพ์,แบคทีเรียกลุ่มโคลิฟอร์มเอ็มพีเอ็น/100 มล.,2547,"<2-1,100",12.6490507,101.6205738
หาดแม่รำพึง - แหลมแม่พิมพ์,แบคทีเรียกลุ่มโคลิฟอร์มเอ็มพีเอ็น/100 มล.,2552,<1.8 - 240,12.6490507,101.6205738
หาดแม่รำพึง - แหลมแม่พิมพ์,แบคทีเรียกลุ่มโคลิฟอร์มเอ็มพีเอ็น/100 มล.,2549,"< 2 - 1,300",12.6490507,101.6205738
หาดแม่รำพึง - แหลมแม่พิมพ์,แบคทีเรียกลุ่มโคลิฟอร์มเอ็มพีเอ็น/100 มล.,2550,2 - 300,12.6490507,101.6205738
หาดแม่รำพึง - แหลมแม่พิมพ์,แบคทีเรียกลุ่มโคลิฟอร์มเอ็มพีเอ็น/100 มล.,2551,3.7 - 220,12.6490507,101.6205738
หาดแม่รำพึง - แหลมแม่พิมพ์,แบคทีเรียกลุ่มโคลิฟอร์มเอ็มพีเอ็น/100 มล.,2556,<1.8,12.6490507,101.6205738
หาดแม่รำพึง - แหลมแม่พิมพ์,แบคทีเรียกลุ่มโคลิฟอร์มเอ็มพีเอ็น/100 มล.,2553,2.0-63,12.6490507,101.6205738
หาดแม่รำพึง - แหลมแม่พิมพ์,แบคทีเรียกลุ่มโคลิฟอร์มเอ็มพีเอ็น/100 มล.,2554,"24 - 2,300",12.6490507,101.6205738
หาดแม่รำพึง - แหลมแม่พิมพ์,แบคทีเรียกลุ่มโคลิฟอร์มเอ็มพีเอ็น/100 มล.,2555,"<1.8-2,300",12.6490507,101.6205738
หาดแม่รำพึง - แหลมแม่พิมพ์,แบคทีเรียกลุ่มโคลิฟอร์มเอ็มพีเอ็น/100 มล.,2557,<1 - 9,12.6490507,101.6205738
หาดแม่รำพึง - แหลมแม่พิมพ์,แบคทีเรียกลุ่มโคลิฟอร์มเอ็มพีเอ็น/100 มล.,2558,11,12.6490507,101.6205738
หาดชะอำ,แบคทีเรียกลุ่มโคลิฟอร์มเอ็มพีเอ็น/100 มล.,2546,<2,12.8031885,99.9874748
หาดชะอำ,แบคทีเรียกลุ่มโคลิฟอร์มเอ็มพีเอ็น/100 มล.,2547,< 2-22,12.8031885,99.9874748
หาดชะอำ,แบคทีเรียกลุ่มโคลิฟอร์มเอ็มพีเอ็น/100 มล.,2545,2,12.8031885,99.9874748
หาดชะอำ,แบคทีเรียกลุ่มโคลิฟอร์มเอ็มพีเอ็น/100 มล.,2550,"11.0 - 3,000",12.8031885,99.9874748
หาดชะอำ,แบคทีเรียกลุ่มโคลิฟอร์มเอ็มพีเอ็น/100 มล.,2551,1.8 - 540,12.8031885,99.9874748
หาดชะอำ,แบคทีเรียกลุ่มโคลิฟอร์มเอ็มพีเอ็น/100 มล.,2548,"< 2 - 1,600",12.8031885,99.9874748
หาดชะอำ,แบคทีเรียกลุ่มโคลิฟอร์มเอ็มพีเอ็น/100 มล.,2549,< 2 - 240,12.8031885,99.9874748
หาดชะอำ,แบคทีเรียกลุ่มโคลิฟอร์มเอ็มพีเอ็น/100 มล.,2541,"< 2 - 1,300",12.8031885,99.9874748
หาดชะอำ,แบคทีเรียกลุ่มโคลิฟอร์มเอ็มพีเอ็น/100 มล.,2542,< 2 - 540,12.8031885,99.9874748
หาดชะอำ,แบคทีเรียกลุ่มโคลิฟอร์มเอ็มพีเอ็น/100 มล.,2543,< 2 - 4,12.8031885,99.9874748
หาดชะอำ,แบคทีเรียกลุ่มโคลิฟอร์มเอ็มพีเอ็น/100 มล.,2544,2 - 130,12.8031885,99.9874748
หาดชะอำ,แบคทีเรียกลุ่มโคลิฟอร์มเอ็มพีเอ็น/100 มล.,2558,<1.8 - 17,12.8031885,99.9874748
หาดชะอำ,ปริมาณออกซิเจนละลายน้ำมก./ล.,2542,5.2 - 7.4,12.8031885,99.9874748
หาดชะอำ,ปริมาณออกซิเจนละลายน้ำมก./ล.,2543,6.0 - 7.7,12.8031885,99.9874748
หาดชะอำ,ปริมาณออกซิเจนละลายน้ำมก./ล.,2544,3.4 - 6.5,12.8031885,99.9874748
หาดชะอำ,ปริมาณออกซิเจนละลายน้ำมก./ล.,2545,6.0 - 6.8,12.8031885,99.9874748
หาดชะอำ,ปริมาณออกซิเจนละลายน้ำมก./ล.,2546,6.1-6.4,12.8031885,99.9874748
หาดชะอำ,ปริมาณออกซิเจนละลายน้ำมก./ล.,2547,6.1-6.7,12.8031885,99.9874748
หาดชะอำ,ปริมาณออกซิเจนละลายน้ำมก./ล.,2548,5.8 - 6.8,12.8031885,99.9874748
หาดชะอำ,ปริมาณออกซิเจนละลายน้ำมก./ล.,2549,6.3 - 6.9,12.8031885,99.9874748
หาดชะอำ,ปริมาณออกซิเจนละลายน้ำมก./ล.,2550,6.2 - 7.6,12.8031885,99.9874748
หาดชะอำ,ปริมาณออกซิเจนละลายน้ำมก./ล.,2551,6.80 - 7.67,12.8031885,99.9874748
หาดชะอำ,ปริมาณออกซิเจนละลายน้ำมก./ล.,2552,6.18 - 6.57,12.8031885,99.9874748
หาดชะอำ,ปริมาณออกซิเจนละลายน้ำมก./ล.,2553,3.34-6.30,12.8031885,99.9874748
หาดชะอำ,ปริมาณออกซิเจนละลายน้ำมก./ล.,2554,4.42 - 5.72,12.8031885,99.9874748
หาดชะอำ,ปริมาณออกซิเจนละลายน้ำมก./ล.,2555,5.07-5.56,12.8031885,99.9874748
หาดชะอำ,ปริมาณออกซิเจนละลายน้ำมก./ล.,2556,0.13-4.76,12.8031885,99.9874748
หาดชะอำ,ปริมาณออกซิเจนละลายน้ำมก./ล.,2557,5.76 - 6.35,12.8031885,99.9874748
หาดชะอำ,ปริมาณออกซิเจนละลายน้ำมก./ล.,2558,5.45 - 5.91,12.8031885,99.9874748
หาดชะอำ,แบคทีเรียกลุ่มโคลิฟอร์มเอ็มพีเอ็น/100 มล.,2553,<1.8-130,12.8031885,99.9874748
หาดชะอำ,แบคทีเรียกลุ่มโคลิฟอร์มเอ็มพีเอ็น/100 มล.,2554,"130 - 2,300",12.8031885,99.9874748
หาดชะอำ,แบคทีเรียกลุ่มโคลิฟอร์มเอ็มพีเอ็น/100 มล.,2555,13-230,12.8031885,99.9874748
หาดชะอำ,แบคทีเรียกลุ่มโคลิฟอร์มเอ็มพีเอ็น/100 มล.,2552,<1.8 - 180,12.8031885,99.9874748
หาดชะอำ,แบคทีเรียกลุ่มโคลิฟอร์มเอ็มพีเอ็น/100 มล.,2557,<1 - 9,12.8031885,99.9874748
หาดชะอำ,ปริมาณออกซิเจนละลายน้ำมก./ล.,2541,4.3 - 7.1,12.8031885,99.9874748
หาดชะอำ,แบคทีเรียกลุ่มโคลิฟอร์มเอ็มพีเอ็น/100 มล.,2556,<1.8 - 130,12.8031885,99.9874748
หาดหัวหิน,ปริมาณออกซิเจนละลายน้ำมก./ล.,2543,5.8 - 8.3,12.575789,99.9664711
หาดหัวหิน,แบคทีเรียกลุ่มโคลิฟอร์มเอ็มพีเอ็น/100 มล.,2558,"<1.8 - 2,300",12.575789,99.9664711
หาดหัวหิน,ปริมาณออกซิเจนละลายน้ำมก./ล.,2542,6.3 - 7.6,12.575789,99.9664711
หาดหัวหิน,ปริมาณออกซิเจนละลายน้ำมก./ล.,2551,6.55 - 8.50,12.575789,99.9664711
หาดหัวหิน,ปริมาณออกซิเจนละลายน้ำมก./ล.,2552,5.5 - 8.13,12.575789,99.9664711
หาดหัวหิน,ปริมาณออกซิเจนละลายน้ำมก./ล.,2553,2.23-7.00,12.575789,99.9664711
หาดหัวหิน,ปริมาณออกซิเจนละลายน้ำมก./ล.,2554,3.45 - 6.34,12.575789,99.9664711
หาดหัวหิน,ปริมาณออกซิเจนละลายน้ำมก./ล.,2555,5.15-6.68,12.575789,99.9664711
หาดหัวหิน,ปริมาณออกซิเจนละลายน้ำมก./ล.,2556,2.55-6.02,12.575789,99.9664711
หาดหัวหิน,ปริมาณออกซิเจนละลายน้ำมก./ล.,2544,3.5 - 8.1,12.575789,99.9664711
หาดหัวหิน,ปริมาณออกซิเจนละลายน้ำมก./ล.,2545,6.1 - 6.4,12.575789,99.9664711
หาดหัวหิน,ปริมาณออกซิเจนละลายน้ำมก./ล.,2546,6.3-7.1,12.575789,99.9664711
หาดหัวหิน,ปริมาณออกซิเจนละลายน้ำมก./ล.,2547,6.0-7.8,12.575789,99.9664711
หาดหัวหิน,ปริมาณออกซิเจนละลายน้ำมก./ล.,2548,6.2 - 7.3,12.575789,99.9664711
หาดหัวหิน,ปริมาณออกซิเจนละลายน้ำมก./ล.,2549,5.3 - 7.4,12.575789,99.9664711
หาดหัวหิน,ปริมาณออกซิเจนละลายน้ำมก./ล.,2550,5.4 - 6.7,12.575789,99.9664711
หาดหัวหิน,แบคทีเรียกลุ่มโคลิฟอร์มเอ็มพีเอ็น/100 มล.,2541,< 2 - 920,12.575789,99.9664711
หาดหัวหิน,แบคทีเรียกลุ่มโคลิฟอร์มเอ็มพีเอ็น/100 มล.,2542,"2 - 2,400",12.575789,99.9664711
หาดหัวหิน,แบคทีเรียกลุ่มโคลิฟอร์มเอ็มพีเอ็น/100 มล.,2543,"< 2 - 2,400",12.575789,99.9664711
หาดหัวหิน,แบคทีเรียกลุ่มโคลิฟอร์มเอ็มพีเอ็น/100 มล.,2544,2 - 50,12.575789,99.9664711
หาดหัวหิน,แบคทีเรียกลุ่มโคลิฟอร์มเอ็มพีเอ็น/100 มล.,2545,<2 - 34,12.575789,99.9664711
หาดหัวหิน,แบคทีเรียกลุ่มโคลิฟอร์มเอ็มพีเอ็น/100 มล.,2546,"<2-16,000",12.575789,99.9664711
หาดหัวหิน,แบคทีเรียกลุ่มโคลิฟอร์มเอ็มพีเอ็น/100 มล.,2547,"<2-2,400",12.575789,99.9664711
หาดหัวหิน,แบคทีเรียกลุ่มโคลิฟอร์มเอ็มพีเอ็น/100 มล.,2548,< 2 - 2,12.575789,99.9664711
หาดหัวหิน,แบคทีเรียกลุ่มโคลิฟอร์มเอ็มพีเอ็น/100 มล.,2549,"< 2 - 3,100",12.575789,99.9664711
หาดหัวหิน,แบคทีเรียกลุ่มโคลิฟอร์มเอ็มพีเอ็น/100 มล.,2550,"2.0 - 1,600",12.575789,99.9664711
หาดหัวหิน,แบคทีเรียกลุ่มโคลิฟอร์มเอ็มพีเอ็น/100 มล.,2551,"1.8 - 24,000",12.575789,99.9664711
หาดหัวหิน,แบคทีเรียกลุ่มโคลิฟอร์มเอ็มพีเอ็น/100 มล.,2552,"2 - 160,000",12.575789,99.9664711
หาดหัวหิน,แบคทีเรียกลุ่มโคลิฟอร์มเอ็มพีเอ็น/100 มล.,2553,"2-92,000",12.575789,99.9664711
หาดหัวหิน,แบคทีเรียกลุ่มโคลิฟอร์มเอ็มพีเอ็น/100 มล.,2554,"130 - 7,900",12.575789,99.9664711
หาดหัวหิน,แบคทีเรียกลุ่มโคลิฟอร์มเอ็มพีเอ็น/100 มล.,2555,<1.8-490,12.575789,99.9664711
หาดหัวหิน,แบคทีเรียกลุ่มโคลิฟอร์มเอ็มพีเอ็น/100 มล.,2556,"4 - 1,300",12.575789,99.9664711
หาดหัวหิน,แบคทีเรียกลุ่มโคลิฟอร์มเอ็มพีเอ็น/100 มล.,2557,<1 - 77,12.575789,99.9664711
หาดหัวหิน,ปริมาณออกซิเจนละลายน้ำมก./ล.,2541,5.8 - 7.3,12.575789,99.9664711
หาดหัวหิน,ปริมาณออกซิเจนละลายน้ำมก./ล.,2557,4.63 - 6.70,12.575789,99.9664711
หาดหัวหิน,ปริมาณออกซิเจนละลายน้ำมก./ล.,2558,3.77 - 5.88,12.575789,99.9664711
หาดบางแสน,ปริมาณออกซิเจนละลายน้ำมก./ล.,2541,4.7 - 6.8,13.27732,100.949833
หาดบางแสน,ปริมาณออกซิเจนละลายน้ำมก./ล.,2542,7.1 - 8.6,13.27732,100.949833
หาดบางแสน,ปริมาณออกซิเจนละลายน้ำมก./ล.,2544,3.5 - 7.4,13.27732,100.949833
หาดบางแสน,ปริมาณออกซิเจนละลายน้ำมก./ล.,2545,5.2 - 6.2,13.27732,100.949833
หาดบางแสน,ปริมาณออกซิเจนละลายน้ำมก./ล.,2546,6.4-7.4,13.27732,100.949833
หาดบางแสน,ปริมาณออกซิเจนละลายน้ำมก./ล.,2543,6.3 - 6.7,13.27732,100.949833
หาดบางแสน,แบคทีเรียกลุ่มโคลิฟอร์มเอ็มพีเอ็น/100 มล.,2541,"49 - 3,500",13.27732,100.949833
หาดบางแสน,แบคทีเรียกลุ่มโคลิฟอร์มเอ็มพีเอ็น/100 มล.,2542,5 - 79,13.27732,100.949833
หาดบางแสน,แบคทีเรียกลุ่มโคลิฟอร์มเอ็มพีเอ็น/100 มล.,2543,< 2,13.27732,100.949833
หาดบางแสน,แบคทีเรียกลุ่มโคลิฟอร์มเอ็มพีเอ็น/100 มล.,2544,"9 - 1,200",13.27732,100.949833
หาดบางแสน,แบคทีเรียกลุ่มโคลิฟอร์มเอ็มพีเอ็น/100 มล.,2545,<2,13.27732,100.949833
หาดบางแสน,แบคทีเรียกลุ่มโคลิฟอร์มเอ็มพีเอ็น/100 มล.,2546,<2,13.27732,100.949833
หาดบางแสน,แบคทีเรียกลุ่มโคลิฟอร์มเอ็มพีเอ็น/100 มล.,2547,"<2-18,000",13.27732,100.949833
หาดบางแสน,แบคทีเรียกลุ่มโคลิฟอร์มเอ็มพีเอ็น/100 มล.,2548,240 - 540,13.27732,100.949833
หาดบางแสน,แบคทีเรียกลุ่มโคลิฟอร์มเอ็มพีเอ็น/100 มล.,2549,"< 2 - 1,600",13.27732,100.949833
หาดบางแสน,แบคทีเรียกลุ่มโคลิฟอร์มเอ็มพีเอ็น/100 มล.,2550,80 - 500,13.27732,100.949833
หาดบางแสน,แบคทีเรียกลุ่มโคลิฟอร์มเอ็มพีเอ็น/100 มล.,2551,4.5 - 110,13.27732,100.949833
หาดบางแสน,แบคทีเรียกลุ่มโคลิฟอร์มเอ็มพีเอ็น/100 มล.,2552,"94.0 - 7,900",13.27732,100.949833
หาดบางแสน,แบคทีเรียกลุ่มโคลิฟอร์มเอ็มพีเอ็น/100 มล.,2553,17-350,13.27732,100.949833
หาดบางแสน,แบคทีเรียกลุ่มโคลิฟอร์มเอ็มพีเอ็น/100 มล.,2554,"230 - 11,000",13.27732,100.949833
หาดบางแสน,แบคทีเรียกลุ่มโคลิฟอร์มเอ็มพีเอ็น/100 มล.,2555,26-170,13.27732,100.949833
หาดบางแสน,แบคทีเรียกลุ่มโคลิฟอร์มเอ็มพีเอ็น/100 มล.,2556,2 - 49,13.27732,100.949833
หาดบางแสน,แบคทีเรียกลุ่มโคลิฟอร์มเอ็มพีเอ็น/100 มล.,2557,<1 - 71,13.27732,100.949833
หาดบางแสน,แบคทีเรียกลุ่มโคลิฟอร์มเอ็มพีเอ็น/100 มล.,2558,"1.8 - 1,600",13.27732,100.949833
หาดบางแสน,ปริมาณออกซิเจนละลายน้ำมก./ล.,2555,6.09-6.41,13.27732,100.949833
หาดบางแสน,ปริมาณออกซิเจนละลายน้ำมก./ล.,2556,3.45-7.02,13.27732,100.949833
หาดบางแสน,ปริมาณออกซิเจนละลายน้ำมก./ล.,2557,5.90 - 6.50,13.27732,100.949833
หาดบางแสน,ปริมาณออกซิเจนละลายน้ำมก./ล.,2558,5.25 - 7.56,13.27732,100.949833
หาดบางแสน,ปริมาณออกซิเจนละลายน้ำมก./ล.,2550,6.6 - 7.8,13.27732,100.949833
หาดบางแสน,ปริมาณออกซิเจนละลายน้ำมก./ล.,2547,3.9-7.8,13.27732,100.949833
หาดบางแสน,ปริมาณออกซิเจนละลายน้ำมก./ล.,2548,4.6 - 5.7,13.27732,100.949833
หาดบางแสน,ปริมาณออกซิเจนละลายน้ำมก./ล.,2549,6.4 - 7.8,13.27732,100.949833
หาดบางแสน,ปริมาณออกซิเจนละลายน้ำมก./ล.,2554,4.47 - 6.49,13.27732,100.949833
หาดบางแสน,ปริมาณออกซิเจนละลายน้ำมก./ล.,2551,6.3 - 7.02,13.27732,100.949833
หาดบางแสน,ปริมาณออกซิเจนละลายน้ำมก./ล.,2552,6.38 - 6.97,13.27732,100.949833
หาดบางแสน,ปริมาณออกซิเจนละลายน้ำมก./ล.,2553,4.73-8.03,13.27732,100.949833
สุราษฎร์ธานี,แบคทีเรียกลุ่มโคลิฟอร์มเอ็มพีเอ็น/100 มล.,2541,"< 2 - 35,000",9.1382389,99.3217483
สุราษฎร์ธานี,แบคทีเรียกลุ่มโคลิฟอร์มเอ็มพีเอ็น/100 มล.,2542,"< 2 - 2,400",9.1382389,99.3217483
สุราษฎร์ธานี,แบคทีเรียกลุ่มโคลิฟอร์มเอ็มพีเอ็น/100 มล.,2545,<2 - 3000,9.1382389,99.3217483
สุราษฎร์ธานี,แบคทีเรียกลุ่มโคลิฟอร์มเอ็มพีเอ็น/100 มล.,2546,"<2-2,200",9.1382389,99.3217483
สุราษฎร์ธานี,แบคทีเรียกลุ่มโคลิฟอร์มเอ็มพีเอ็น/100 มล.,2547,"<2-24,000",9.1382389,99.3217483
สุราษฎร์ธานี,แบคทีเรียกลุ่มโคลิฟอร์มเอ็มพีเอ็น/100 มล.,2548,"< 2 - 24,000",9.1382389,99.3217483
สุราษฎร์ธานี,แบคทีเรียกลุ่มโคลิฟอร์มเอ็มพีเอ็น/100 มล.,2549,"< 2 - 4,900",9.1382389,99.3217483
สุราษฎร์ธานี,แบคทีเรียกลุ่มโคลิฟอร์มเอ็มพีเอ็น/100 มล.,2551,"1.8 - 92,000",9.1382389,99.3217483
สุราษฎร์ธานี,แบคทีเรียกลุ่มโคลิฟอร์มเอ็มพีเอ็น/100 มล.,2552,"<1.8 - 35,000",9.1382389,99.3217483
สุราษฎร์ธานี,แบคทีเรียกลุ่มโคลิฟอร์มเอ็มพีเอ็น/100 มล.,2553,"<1.8-35,000",9.1382389,99.3217483
สุราษฎร์ธานี,แบคทีเรียกลุ่มโคลิฟอร์มเอ็มพีเอ็น/100 มล.,2554,"16 - 160,000",9.1382389,99.3217483
สุราษฎร์ธานี,แบคทีเรียกลุ่มโคลิฟอร์มเอ็มพีเอ็น/100 มล.,2555,"<1.0-3,300",9.1382389,99.3217483
สุราษฎร์ธานี,แบคทีเรียกลุ่มโคลิฟอร์มเอ็มพีเอ็น/100 มล.,2556,"<1.8 - 3,500",9.1382389,99.3217483
สุราษฎร์ธานี,แบคทีเรียกลุ่มโคลิฟอร์มเอ็มพีเอ็น/100 มล.,2543,"< 2 - 16,000",9.1382389,99.3217483
สุราษฎร์ธานี,แบคทีเรียกลุ่มโคลิฟอร์มเอ็มพีเอ็น/100 มล.,2544,"2 - 5,000",9.1382389,99.3217483
สุราษฎร์ธานี,ปริมาณออกซิเจนละลายน้ำมก./ล.,2541,4.6 - 6.8,9.1382389,99.3217483
สุราษฎร์ธานี,ปริมาณออกซิเจนละลายน้ำมก./ล.,2542,4.6 - 8.4,9.1382389,99.3217483
สุราษฎร์ธานี,ปริมาณออกซิเจนละลายน้ำมก./ล.,2543,3.4 - 8.0,9.1382389,99.3217483
สุราษฎร์ธานี,ปริมาณออกซิเจนละลายน้ำมก./ล.,2544,0.4 - 7.2,9.1382389,99.3217483
สุราษฎร์ธานี,ปริมาณออกซิเจนละลายน้ำมก./ล.,2545,5.8 - 7.4,9.1382389,99.3217483
สุราษฎร์ธานี,ปริมาณออกซิเจนละลายน้ำมก./ล.,2546,5.5-7.6,9.1382389,99.3217483
สุราษฎร์ธานี,ปริมาณออกซิเจนละลายน้ำมก./ล.,2547,4.7-7.6,9.1382389,99.3217483
สุราษฎร์ธานี,ปริมาณออกซิเจนละลายน้ำมก./ล.,2548,7.5 - 8.8,9.1382389,99.3217483
สุราษฎร์ธานี,ปริมาณออกซิเจนละลายน้ำมก./ล.,2549,5.5 - 8.5,9.1382389,99.3217483
สุราษฎร์ธานี,ปริมาณออกซิเจนละลายน้ำมก./ล.,2551,5.22 - 7.89,9.1382389,99.3217483
สุราษฎร์ธานี,ปริมาณออกซิเจนละลายน้ำมก./ล.,2552,5.22 - 7.5,9.1382389,99.3217483
สุราษฎร์ธานี,ปริมาณออกซิเจนละลายน้ำมก./ล.,2553,4.18-9.20,9.1382389,99.3217483
สุราษฎร์ธานี,ปริมาณออกซิเจนละลายน้ำมก./ล.,2554,5.0 - 8.0,9.1382389,99.3217483
สุราษฎร์ธานี,ปริมาณออกซิเจนละลายน้ำมก./ล.,2555,3.80-7.50,9.1382389,99.3217483
สุราษฎร์ธานี,ปริมาณออกซิเจนละลายน้ำมก./ล.,2556,4.18-6.41,9.1382389,99.3217483
สุราษฎร์ธานี,ปริมาณออกซิเจนละลายน้ำมก./ล.,2557,4.93 - 8.74,9.1382389,99.3217483
สุราษฎร์ธานี,ปริมาณออกซิเจนละลายน้ำมก./ล.,2558,3.05 - 7.84,9.1382389,99.3217483
สุราษฎร์ธานี,แบคทีเรียกลุ่มโคลิฟอร์มเอ็มพีเอ็น/100 มล.,2557,<1 - 515,9.1382389,99.3217483
สุราษฎร์ธานี,แบคทีเรียกลุ่มโคลิฟอร์มเอ็มพีเอ็น/100 มล.,2558,"<1.8 - 5,400",9.1382389,99.3217483
อ่าวชลบุรี,ปริมาณออกซิเจนละลายน้ำมก./ล.,2541,4.0 - 5.0,13.115756,100.9170616
อ่าวชลบุรี,ปริมาณออกซิเจนละลายน้ำมก./ล.,2542,4.8 - 6.8,13.115756,100.9170616
อ่าวชลบุรี,ปริมาณออกซิเจนละลายน้ำมก./ล.,2543,5.6 - 7.9,13.115756,100.9170616
อ่าวชลบุรี,ปริมาณออกซิเจนละลายน้ำมก./ล.,2544,4.6 - 6.2,13.115756,100.9170616
อ่าวชลบุรี,ปริมาณออกซิเจนละลายน้ำมก./ล.,2545,5.4 - 8.0,13.115756,100.9170616
อ่าวชลบุรี,ปริมาณออกซิเจนละลายน้ำมก./ล.,2546,5.5-6.9,13.115756,100.9170616
อ่าวชลบุรี,ปริมาณออกซิเจนละลายน้ำมก./ล.,2547,6.9-9.3,13.115756,100.9170616
อ่าวชลบุรี,ปริมาณออกซิเจนละลายน้ำมก./ล.,2548,5.2 - 6.0,13.115756,100.9170616
อ่าวชลบุรี,ปริมาณออกซิเจนละลายน้ำมก./ล.,2549,5.2 - 8.1,13.115756,100.9170616
อ่าวชลบุรี,ปริมาณออกซิเจนละลายน้ำมก./ล.,2550,5.6 - 6.6,13.115756,100.9170616
อ่าวชลบุรี,ปริมาณออกซิเจนละลายน้ำมก./ล.,2551,4.92 - 6.3,13.115756,100.9170616
อ่าวชลบุรี,ปริมาณออกซิเจนละลายน้ำมก./ล.,2552,1.31 - 7.51,13.115756,100.9170616
อ่าวชลบุรี,ปริมาณออกซิเจนละลายน้ำมก./ล.,2553,1.27-5.36,13.115756,100.9170616
อ่าวชลบุรี,ปริมาณออกซิเจนละลายน้ำมก./ล.,2554,0.12 - 7.70,13.115756,100.9170616
อ่าวชลบุรี,ปริมาณออกซิเจนละลายน้ำมก./ล.,2555,4.40-5.87,13.115756,100.9170616
อ่าวชลบุรี,ปริมาณออกซิเจนละลายน้ำมก./ล.,2556,2.58 - 4.97,13.115756,100.9170616
อ่าวชลบุรี,ปริมาณออกซิเจนละลายน้ำมก./ล.,2557,3.99 - 5.56,13.115756,100.9170616
อ่าวชลบุรี,ปริมาณออกซิเจนละลายน้ำมก./ล.,2558,4.62 - 5.23,13.115756,100.9170616
อ่าวชลบุรี,แบคทีเรียกลุ่มโคลิฟอร์มเอ็มพีเอ็น/100 มล.,2548,"350 - 17,000",13.115756,100.9170616
อ่าวชลบุรี,แบคทีเรียกลุ่มโคลิฟอร์มเอ็มพีเอ็น/100 มล.,2549,"4 - 2,400",13.115756,100.9170616
อ่าวชลบุรี,แบคทีเรียกลุ่มโคลิฟอร์มเอ็มพีเอ็น/100 มล.,2550,"20 - 25,000",13.115756,100.9170616
อ่าวชลบุรี,แบคทีเรียกลุ่มโคลิฟอร์มเอ็มพีเอ็น/100 มล.,2551,"4.5 - 49,000",13.115756,100.9170616
อ่าวชลบุรี,แบคทีเรียกลุ่มโคลิฟอร์มเอ็มพีเอ็น/100 มล.,2552,"4.5 - 540,000",13.115756,100.9170616
อ่าวชลบุรี,แบคทีเรียกลุ่มโคลิฟอร์มเอ็มพีเอ็น/100 มล.,2553,"20->160,000",13.115756,100.9170616
อ่าวชลบุรี,แบคทีเรียกลุ่มโคลิฟอร์มเอ็มพีเอ็น/100 มล.,2541,"49 - 160,000",13.115756,100.9170616
อ่าวชลบุรี,แบคทีเรียกลุ่มโคลิฟอร์มเอ็มพีเอ็น/100 มล.,2542,"92 - 2,400",13.115756,100.9170616
อ่าวชลบุรี,แบคทีเรียกลุ่มโคลิฟอร์มเอ็มพีเอ็น/100 มล.,2543,< 2 - 40,13.115756,100.9170616
อ่าวชลบุรี,แบคทีเรียกลุ่มโคลิฟอร์มเอ็มพีเอ็น/100 มล.,2544,"21 - >16,000",13.115756,100.9170616
อ่าวชลบุรี,แบคทีเรียกลุ่มโคลิฟอร์มเอ็มพีเอ็น/100 มล.,2545,<2 - 2,13.115756,100.9170616
อ่าวชลบุรี,แบคทีเรียกลุ่มโคลิฟอร์มเอ็มพีเอ็น/100 มล.,2546,340-700,13.115756,100.9170616
อ่าวชลบุรี,แบคทีเรียกลุ่มโคลิฟอร์มเอ็มพีเอ็น/100 มล.,2547,"15-22,000",13.115756,100.9170616
อ่าวชลบุรี,แบคทีเรียกลุ่มโคลิฟอร์มเอ็มพีเอ็น/100 มล.,2556,"4,900 - 22,000",13.115756,100.9170616
อ่าวชลบุรี,แบคทีเรียกลุ่มโคลิฟอร์มเอ็มพีเอ็น/100 มล.,2557,<1 - 33,13.115756,100.9170616
อ่าวชลบุรี,แบคทีเรียกลุ่มโคลิฟอร์มเอ็มพีเอ็น/100 มล.,2554,"790 - 170,000",13.115756,100.9170616
อ่าวชลบุรี,แบคทีเรียกลุ่มโคลิฟอร์มเอ็มพีเอ็น/100 มล.,2555,"330-3,300",13.115756,100.9170616
อ่าวชลบุรี,แบคทีเรียกลุ่มโคลิฟอร์มเอ็มพีเอ็น/100 มล.,2558,"130 - 2,400",13.115756,100.9170616
อ่าวอุดมและแหลมฉบัง,แบคทีเรียกลุ่มโคลิฟอร์มเอ็มพีเอ็น/100 มล.,2558,"7.8 - 160,000",13.113406,100.919082
อ่าวอุดมและแหลมฉบัง,ปริมาณออกซิเจนละลายน้ำมก./ล.,2542,6.5 - 7.6,13.113406,100.919082
อ่าวอุดมและแหลมฉบัง,ปริมาณออกซิเจนละลายน้ำมก./ล.,2543,6.5 - 7.6,13.113406,100.919082
อ่าวอุดมและแหลมฉบัง,ปริมาณออกซิเจนละลายน้ำมก./ล.,2544,2.1 - 6.6,13.113406,100.919082
อ่าวอุดมและแหลมฉบัง,ปริมาณออกซิเจนละลายน้ำมก./ล.,2545,6.4 - 7.0,13.113406,100.919082
อ่าวอุดมและแหลมฉบัง,ปริมาณออกซิเจนละลายน้ำมก./ล.,2546,3.7-6.6,13.113406,100.919082
อ่าวอุดมและแหลมฉบัง,ปริมาณออกซิเจนละลายน้ำมก./ล.,2547,4.6-9.1,13.113406,100.919082
อ่าวอุดมและแหลมฉบัง,ปริมาณออกซิเจนละลายน้ำมก./ล.,2548,7.4 - 8.6,13.113406,100.919082
อ่าวอุดมและแหลมฉบัง,ปริมาณออกซิเจนละลายน้ำมก./ล.,2549,6.0 - 7.5,13.113406,100.919082
อ่าวอุดมและแหลมฉบัง,ปริมาณออกซิเจนละลายน้ำมก./ล.,2550,5.9 - 7.7,13.113406,100.919082
อ่าวอุดมและแหลมฉบัง,แบคทีเรียกลุ่มโคลิฟอร์มเอ็มพีเอ็น/100 มล.,2541,"< 2 - 3,500",13.113406,100.919082
อ่าวอุดมและแหลมฉบัง,แบคทีเรียกลุ่มโคลิฟอร์มเอ็มพีเอ็น/100 มล.,2542,"20 - 5,400",13.113406,100.919082
อ่าวอุดมและแหลมฉบัง,แบคทีเรียกลุ่มโคลิฟอร์มเอ็มพีเอ็น/100 มล.,2543,"< 2 - 5,000",13.113406,100.919082
อ่าวอุดมและแหลมฉบัง,แบคทีเรียกลุ่มโคลิฟอร์มเอ็มพีเอ็น/100 มล.,2544,4 - 900,13.113406,100.919082
อ่าวอุดมและแหลมฉบัง,แบคทีเรียกลุ่มโคลิฟอร์มเอ็มพีเอ็น/100 มล.,2545,<2 - 300,13.113406,100.919082
อ่าวอุดมและแหลมฉบัง,แบคทีเรียกลุ่มโคลิฟอร์มเอ็มพีเอ็น/100 มล.,2546,"<2-1,700",13.113406,100.919082
อ่าวอุดมและแหลมฉบัง,แบคทีเรียกลุ่มโคลิฟอร์มเอ็มพีเอ็น/100 มล.,2547,"<2-24,000",13.113406,100.919082
อ่าวอุดมและแหลมฉบัง,แบคทีเรียกลุ่มโคลิฟอร์มเอ็มพีเอ็น/100 มล.,2548,< 2 - 540,13.113406,100.919082
อ่าวอุดมและแหลมฉบัง,แบคทีเรียกลุ่มโคลิฟอร์มเอ็มพีเอ็น/100 มล.,2549,"< 2 - 330,000",13.113406,100.919082
อ่าวอุดมและแหลมฉบัง,แบคทีเรียกลุ่มโคลิฟอร์มเอ็มพีเอ็น/100 มล.,2550,"2 - 1,600",13.113406,100.919082
อ่าวอุดมและแหลมฉบัง,แบคทีเรียกลุ่มโคลิฟอร์มเอ็มพีเอ็น/100 มล.,2551,"1.8 - 33,000",13.113406,100.919082
อ่าวอุดมและแหลมฉบัง,แบคทีเรียกลุ่มโคลิฟอร์มเอ็มพีเอ็น/100 มล.,2552,"<1.8 - 2,100,000",13.113406,100.919082
อ่าวอุดมและแหลมฉบัง,แบคทีเรียกลุ่มโคลิฟอร์มเอ็มพีเอ็น/100 มล.,2553,"<1.8-35,000",13.113406,100.919082
อ่าวอุดมและแหลมฉบัง,แบคทีเรียกลุ่มโคลิฟอร์มเอ็มพีเอ็น/100 มล.,2554,"230 - 4,900",13.113406,100.919082
อ่าวอุดมและแหลมฉบัง,แบคทีเรียกลุ่มโคลิฟอร์มเอ็มพีเอ็น/100 มล.,2555,23-540,13.113406,100.919082
อ่าวอุดมและแหลมฉบัง,แบคทีเรียกลุ่มโคลิฟอร์มเอ็มพีเอ็น/100 มล.,2556,"1.8 - 54,000",13.113406,100.919082
อ่าวอุดมและแหลมฉบัง,แบคทีเรียกลุ่มโคลิฟอร์มเอ็มพีเอ็น/100 มล.,2557,"<1 - 5,450",13.113406,100.919082
อ่าวอุดมและแหลมฉบัง,ปริมาณออกซิเจนละลายน้ำมก./ล.,2541,4.9 - 6.7,13.113406,100.919082
อ่าวอุดมและแหลมฉบัง,ปริมาณออกซิเจนละลายน้ำมก./ล.,2555,4.54-6.31,13.113406,100.919082
อ่าวอุดมและแหลมฉบัง,ปริมาณออกซิเจนละลายน้ำมก./ล.,2556,3.33-5.99,13.113406,100.919082
อ่าวอุดมและแหลมฉบัง,ปริมาณออกซิเจนละลายน้ำมก./ล.,2557,4.70 - 6.54,13.113406,100.919082
อ่าวอุดมและแหลมฉบัง,ปริมาณออกซิเจนละลายน้ำมก./ล.,2558,3.09 - 5.80,13.113406,100.919082
อ่าวอุดมและแหลมฉบัง,ปริมาณออกซิเจนละลายน้ำมก./ล.,2554,4.86 - 7.22,13.113406,100.919082
อ่าวอุดมและแหลมฉบัง,ปริมาณออกซิเจนละลายน้ำมก./ล.,2551,5.15 - 7.0,13.113406,100.919082
อ่าวอุดมและแหลมฉบัง,ปริมาณออกซิเจนละลายน้ำมก./ล.,2552,4.20 - 7.13,13.113406,100.919082
อ่าวอุดมและแหลมฉบัง,ปริมาณออกซิเจนละลายน้ำมก./ล.,2553,3.27-8.11,13.113406,100.919082